{
  "type": "FeatureCollection",
  "features": [
    {
      "type": "Feature",
      "id": "access-road-142777583",
      "properties": {
        "slug": "access-road-142777583",
        "name": "Access Road",
        "source": "trailfork",
        "geometrySource": "gpx",
        "vertexCount": 56
      },
      "geometry": {
        "type": "LineString",
        "coordinates": [
          [36.82427, -1.24135, 1685],
          [36.82448, -1.24143, 1685],
          [36.82469, -1.24151, 1686],
          [36.82492, -1.2416, 1685],
          [36.82514, -1.24169, 1686],
          [36.82537, -1.24178, 1686],
          [36.8256, -1.24187, 1686],
          [36.82579, -1.24193, 1689],
          [36.82598, -1.24198, 1687],
          [36.82621, -1.24206, 1687],
          [36.82654, -1.24212, 1685],
          [36.82677, -1.24203, 1686],
          [36.82691, -1.2419, 1684],
          [36.82712, -1.2418, 1684],
          [36.82743, -1.24175, 1681],
          [36.82777, -1.24167, 1679],
          [36.82815, -1.24152, 1682],
          [36.82846, -1.2414, 1680],
          [36.82878, -1.2413, 1678],
          [36.82914, -1.24123, 1680],
          [36.82956, -1.24123, 1681],
          [36.83001, -1.24125, 1680],
          [36.83039, -1.2413, 1679],
          [36.83068, -1.24135, 1678],
          [36.83117, -1.24152, 1681],
          [36.8315, -1.24167, 1682],
          [36.83184, -1.24182, 1674],
          [36.83217, -1.24196, 1672],
          [36.8325, -1.24211, 1670],
          [36.83286, -1.24228, 1670],
          [36.83321, -1.24245, 1669],
          [36.83342, -1.24253, 1669],
          [36.83362, -1.2426, 1667],
          [36.83379, -1.24269, 1664],
          [36.83395, -1.24277, 1664],
          [36.83405, -1.24291, 1663],
          [36.83421, -1.24307, 1664],
          [36.83445, -1.24328, 1662],
          [36.83471, -1.24353, 1668],
          [36.83504, -1.24372, 1673],
          [36.83523, -1.24379, 1675],
          [36.83562, -1.24393, 1679],
          [36.836, -1.24407, 1682],
          [36.83638, -1.24401, 1677],
          [36.83675, -1.24394, 1674],
          [36.83692, -1.24402, 1674],
          [36.83705, -1.2441, 1675],
          [36.83715, -1.24425, 1676],
          [36.83728, -1.24455, 1674],
          [36.83739, -1.24478, 1672],
          [36.83761, -1.24515, 1669],
          [36.83778, -1.24535, 1671],
          [36.83795, -1.24554, 1667],
          [36.83812, -1.24574, 1666],
          [36.8383, -1.24588, 1664],
          [36.83865, -1.2464, 1661]
        ]
      }
    },
    {
      "type": "Feature",
      "id": "access-road-2-490553",
      "properties": {
        "slug": "access-road-2-490553",
        "name": "Access Road 2",
        "source": "trailfork",
        "geometrySource": "gpx",
        "vertexCount": 11
      },
      "geometry": {
        "type": "LineString",
        "coordinates": [
          [36.82494, -1.23424, 1679],
          [36.82523, -1.23431, 1681],
          [36.82542, -1.23441, 1679],
          [36.8256, -1.23453, 1679],
          [36.82616, -1.23477, 1671],
          [36.82622, -1.23477, 1671],
          [36.82626, -1.23472, 1665],
          [36.82631, -1.23453, 1668],
          [36.82636, -1.23439, 1668],
          [36.8265, -1.23433, 1668],
          [36.82652, -1.2343, 1671]
        ]
      }
    },
    {
      "type": "Feature",
      "id": "access-road-2-490575",
      "properties": {
        "slug": "access-road-2-490575",
        "name": "Access Road 2",
        "source": "trailfork",
        "geometrySource": "gpx",
        "vertexCount": 7
      },
      "geometry": {
        "type": "LineString",
        "coordinates": [
          [36.82864, -1.23655, 1671],
          [36.82827, -1.23618, 1671],
          [36.828, -1.23596, 1668],
          [36.82757, -1.23567, 1672],
          [36.82692, -1.23507, 1669],
          [36.82636, -1.23474, 1665],
          [36.82626, -1.23472, 1665]
        ]
      }
    },
    {
      "type": "Feature",
      "id": "access-road-2-490585",
      "properties": {
        "slug": "access-road-2-490585",
        "name": "Access Road 2",
        "source": "trailfork",
        "geometrySource": "gpx",
        "vertexCount": 35
      },
      "geometry": {
        "type": "LineString",
        "coordinates": [
          [36.83355, -1.24704, 1656],
          [36.83376, -1.2468, 1661],
          [36.83408, -1.24653, 1661],
          [36.8342, -1.24648, 1671],
          [36.83432, -1.24643, 1672],
          [36.83453, -1.24648, 1672],
          [36.83526, -1.24678, 1673],
          [36.83674, -1.24759, 1668],
          [36.83699, -1.24763, 1672],
          [36.83733, -1.24752, 1675],
          [36.83748, -1.24742, 1668],
          [36.83753, -1.24732, 1671],
          [36.83753, -1.24722, 1671],
          [36.83744, -1.24706, 1673],
          [36.83735, -1.24696, 1677],
          [36.8373, -1.24687, 1677],
          [36.83717, -1.24674, 1677],
          [36.83711, -1.24665, 1677],
          [36.83708, -1.24664, 1677],
          [36.83686, -1.2464, 1675],
          [36.83675, -1.24631, 1673],
          [36.83656, -1.24621, 1675],
          [36.83629, -1.24603, 1677],
          [36.83623, -1.24594, 1681],
          [36.83606, -1.24582, 1681],
          [36.83602, -1.24576, 1681],
          [36.83598, -1.24566, 1680],
          [36.83583, -1.24529, 1684],
          [36.83581, -1.24515, 1684],
          [36.8357, -1.24501, 1686],
          [36.8356, -1.24478, 1684],
          [36.83547, -1.24457, 1680],
          [36.83536, -1.24414, 1675],
          [36.83536, -1.24389, 1675],
          [36.83523, -1.24379, 1675]
        ]
      }
    },
    {
      "type": "Feature",
      "id": "access-road-575075441",
      "properties": {
        "slug": "access-road-575075441",
        "name": "Access Road",
        "source": "trailfork",
        "geometrySource": "gpx",
        "vertexCount": 18
      },
      "geometry": {
        "type": "LineString",
        "coordinates": [
          [36.82953, -1.23666, 1662],
          [36.83046, -1.23684, 1663],
          [36.83064, -1.23672, 1657],
          [36.83071, -1.23663, 1654],
          [36.83074, -1.23655, 1654],
          [36.8307, -1.23643, 1656],
          [36.83061, -1.23634, 1657],
          [36.83059, -1.23626, 1657],
          [36.83072, -1.23619, 1664],
          [36.83086, -1.23624, 1664],
          [36.83245, -1.23616, 1672],
          [36.83259, -1.23609, 1672],
          [36.83305, -1.236, 1675],
          [36.8331, -1.23597, 1676],
          [36.83324, -1.23566, 1675],
          [36.83326, -1.23552, 1675],
          [36.83332, -1.23542, 1675],
          [36.83339, -1.23528, 1674]
        ]
      }
    },
    {
      "type": "Feature",
      "id": "access-road-692748290",
      "properties": {
        "slug": "access-road-692748290",
        "name": "Access Road",
        "source": "trailfork",
        "geometrySource": "gpx",
        "vertexCount": 18
      },
      "geometry": {
        "type": "LineString",
        "coordinates": [
          [36.8307, -1.24784, 1652],
          [36.83162, -1.24729, 1652],
          [36.83186, -1.24721, 1648],
          [36.83208, -1.24716, 1648],
          [36.83236, -1.24718, 1647],
          [36.83328, -1.24734, 1652],
          [36.83346, -1.24735, 1652],
          [36.83373, -1.24729, 1650],
          [36.83402, -1.24722, 1651],
          [36.83423, -1.24726, 1652],
          [36.83441, -1.24732, 1650],
          [36.83476, -1.2475, 1650],
          [36.83522, -1.24774, 1648],
          [36.83581, -1.24806, 1642],
          [36.83593, -1.24807, 1642],
          [36.83605, -1.24799, 1645],
          [36.83639, -1.24778, 1660],
          [36.83674, -1.24759, 1668]
        ]
      }
    },
    {
      "type": "Feature",
      "id": "access-road-692748293",
      "properties": {
        "slug": "access-road-692748293",
        "name": "Access Road",
        "source": "trailfork",
        "geometrySource": "gpx",
        "vertexCount": 16
      },
      "geometry": {
        "type": "LineString",
        "coordinates": [
          [36.82969, -1.23939, 1694],
          [36.82963, -1.23921, 1694],
          [36.82954, -1.23904, 1691],
          [36.82949, -1.23875, 1694],
          [36.82938, -1.23857, 1695],
          [36.82917, -1.23831, 1692],
          [36.82898, -1.23789, 1686],
          [36.82878, -1.23767, 1686],
          [36.82868, -1.23762, 1685],
          [36.82867, -1.2376, 1685],
          [36.82873, -1.23752, 1685],
          [36.82875, -1.23733, 1679],
          [36.82873, -1.23707, 1676],
          [36.82867, -1.23686, 1676],
          [36.82867, -1.23667, 1671],
          [36.82864, -1.23655, 1671]
        ]
      }
    },
    {
      "type": "Feature",
      "id": "access-trail-490620",
      "properties": {
        "slug": "access-trail-490620",
        "name": "Access Trail",
        "source": "trailfork",
        "geometrySource": "gpx",
        "vertexCount": 6
      },
      "geometry": {
        "type": "LineString",
        "coordinates": [
          [36.815, -1.24659, 1667],
          [36.81513, -1.24656, 1667],
          [36.81523, -1.24652, 1660],
          [36.81532, -1.24649, 1660],
          [36.8154, -1.24649, 1660],
          [36.81557, -1.24656, 1666]
        ]
      }
    },
    {
      "type": "Feature",
      "id": "family-trail-158828",
      "properties": {
        "slug": "family-trail-158828",
        "name": "Family Trail",
        "source": "trailfork",
        "geometrySource": "gpx",
        "vertexCount": 60
      },
      "geometry": {
        "type": "LineString",
        "coordinates": [
          [36.81769, -1.24724, 1672],
          [36.81777, -1.24721, 1672],
          [36.81859, -1.2469, 1673],
          [36.81921, -1.24665, 1671],
          [36.81969, -1.24652, 1677],
          [36.8201, -1.24659, 1670],
          [36.82025, -1.24662, 1669],
          [36.82061, -1.24662, 1672],
          [36.82083, -1.2466, 1670],
          [36.82125, -1.24675, 1666],
          [36.82166, -1.24697, 1667],
          [36.82191, -1.24706, 1667],
          [36.82221, -1.2472, 1666],
          [36.82268, -1.24748, 1669],
          [36.8231, -1.24783, 1667],
          [36.82372, -1.2481, 1660],
          [36.82401, -1.2482, 1658],
          [36.82452, -1.2483, 1654],
          [36.82488, -1.24841, 1659],
          [36.82538, -1.24868, 1658],
          [36.8256, -1.24879, 1655],
          [36.82582, -1.24889, 1656],
          [36.82618, -1.24897, 1657],
          [36.82642, -1.24898, 1657],
          [36.82698, -1.24882, 1654],
          [36.82724, -1.24876, 1655],
          [36.82772, -1.24878, 1656],
          [36.82815, -1.24865, 1655],
          [36.82845, -1.24856, 1656],
          [36.82894, -1.24847, 1653],
          [36.82954, -1.24832, 1644],
          [36.83, -1.24812, 1645],
          [36.83043, -1.24797, 1645],
          [36.8307, -1.24784, 1650],
          [36.83083, -1.24768, 1650],
          [36.83116, -1.24722, 1650],
          [36.83141, -1.24702, 1648],
          [36.83162, -1.24694, 1649],
          [36.83194, -1.24694, 1645],
          [36.83216, -1.24695, 1648],
          [36.83251, -1.24699, 1653],
          [36.8329, -1.24703, 1655],
          [36.83325, -1.24706, 1655],
          [36.83355, -1.24704, 1656],
          [36.83398, -1.24698, 1655],
          [36.83416, -1.24694, 1653],
          [36.83461, -1.24705, 1655],
          [36.83468, -1.24708, 1655],
          [36.83522, -1.24743, 1659],
          [36.83581, -1.24785, 1652],
          [36.83668, -1.24837, 1650],
          [36.83694, -1.2485, 1650],
          [36.83762, -1.2488, 1645],
          [36.83852, -1.24931, 1648],
          [36.8389, -1.2496, 1652],
          [36.8392, -1.24992, 1652],
          [36.83985, -1.25081, 1658],
          [36.83997, -1.25056, 1666],
          [36.84044, -1.25056, 1667],
          [36.84065, -1.25053, 1667]
        ]
      }
    },
    {
      "type": "Feature",
      "id": "fika-bikeshare",
      "properties": {
        "slug": "fika-bikeshare",
        "name": "Fika Bikeshare",
        "source": "trailfork",
        "geometrySource": "gpx",
        "vertexCount": 56
      },
      "geometry": {
        "type": "LineString",
        "coordinates": [
          [36.84388, -1.23984, 1669],
          [36.8439, -1.23973, 1669],
          [36.8439, -1.23958, 1672],
          [36.84387, -1.23941, 1672],
          [36.84384, -1.23905, 1673],
          [36.84381, -1.23887, 1673],
          [36.84382, -1.2388, 1673],
          [36.8438, -1.23873, 1670],
          [36.8438, -1.23844, 1665],
          [36.84376, -1.2383, 1665],
          [36.8437, -1.23791, 1662],
          [36.84361, -1.23772, 1662],
          [36.8435, -1.23763, 1660],
          [36.84343, -1.2376, 1661],
          [36.84333, -1.23745, 1661],
          [36.84315, -1.23734, 1654],
          [36.84301, -1.23729, 1654],
          [36.84296, -1.23725, 1654],
          [36.8428, -1.23716, 1652],
          [36.84269, -1.23702, 1651],
          [36.84264, -1.23689, 1651],
          [36.84264, -1.23664, 1648],
          [36.84268, -1.23628, 1647],
          [36.84275, -1.23589, 1646],
          [36.84289, -1.2356, 1647],
          [36.8429, -1.23553, 1647],
          [36.84288, -1.23546, 1647],
          [36.84261, -1.23528, 1649],
          [36.84247, -1.23525, 1649],
          [36.84235, -1.23517, 1650],
          [36.84213, -1.23494, 1653],
          [36.84206, -1.23491, 1655],
          [36.84202, -1.23491, 1655],
          [36.84182, -1.23498, 1655],
          [36.8416, -1.2351, 1658],
          [36.84093, -1.23521, 1660],
          [36.84053, -1.23538, 1660],
          [36.84033, -1.23558, 1658],
          [36.8399, -1.23562, 1656],
          [36.83983, -1.23561, 1656],
          [36.83958, -1.23548, 1655],
          [36.83947, -1.23538, 1660],
          [36.83941, -1.2353, 1660],
          [36.83931, -1.23524, 1660],
          [36.8391, -1.23504, 1658],
          [36.83903, -1.23493, 1658],
          [36.83864, -1.23461, 1655],
          [36.83836, -1.23433, 1657],
          [36.8381, -1.23414, 1657],
          [36.83804, -1.23411, 1657],
          [36.83798, -1.23407, 1657],
          [36.83787, -1.23393, 1658],
          [36.83771, -1.23379, 1658],
          [36.83749, -1.23355, 1663],
          [36.83735, -1.23343, 1664],
          [36.83709, -1.23325, 1664]
        ]
      }
    },
    {
      "type": "Feature",
      "id": "icraf-rd-link",
      "properties": {
        "slug": "icraf-rd-link",
        "name": "ICRAF Rd Link",
        "source": "trailfork",
        "geometrySource": "gpx",
        "vertexCount": 10
      },
      "geometry": {
        "type": "LineString",
        "coordinates": [
          [36.81833, -1.23901, 1690],
          [36.81808, -1.23884, 1690],
          [36.818, -1.23879, 1690],
          [36.81794, -1.23873, 1689],
          [36.81787, -1.23866, 1688],
          [36.8178, -1.23852, 1688],
          [36.8177, -1.23837, 1689],
          [36.81762, -1.23824, 1690],
          [36.81752, -1.23817, 1691],
          [36.81742, -1.23819, 1691]
        ]
      }
    },
    {
      "type": "Feature",
      "id": "kfeet-oval",
      "properties": {
        "slug": "kfeet-oval",
        "name": "KFEET Oval",
        "source": "trailfork",
        "geometrySource": "gpx",
        "vertexCount": 20
      },
      "geometry": {
        "type": "LineString",
        "coordinates": [
          [36.8183, -1.24046, 1689],
          [36.81799, -1.24007, 1693],
          [36.81795, -1.23999, 1693],
          [36.81794, -1.23987, 1693],
          [36.81796, -1.2397, 1692],
          [36.81802, -1.23958, 1691],
          [36.81846, -1.23876, 1690],
          [36.81853, -1.23871, 1693],
          [36.81863, -1.23871, 1693],
          [36.81878, -1.23874, 1695],
          [36.81896, -1.23883, 1692],
          [36.81908, -1.23894, 1692],
          [36.81914, -1.23906, 1690],
          [36.81915, -1.23915, 1690],
          [36.81911, -1.23928, 1690],
          [36.81879, -1.24016, 1683],
          [36.81877, -1.24022, 1683],
          [36.81873, -1.24025, 1687],
          [36.81864, -1.24028, 1687],
          [36.8183, -1.24046, 1689]
        ]
      }
    },
    {
      "type": "Feature",
      "id": "kima-trail",
      "properties": {
        "slug": "kima-trail",
        "name": "Kima Trail",
        "source": "trailfork",
        "geometrySource": "gpx",
        "vertexCount": 38
      },
      "geometry": {
        "type": "LineString",
        "coordinates": [
          [36.8191, -1.24084, 1688],
          [36.81918, -1.24079, 1688],
          [36.81924, -1.24065, 1686],
          [36.81935, -1.24025, 1687],
          [36.81944, -1.23996, 1689],
          [36.81948, -1.2396, 1688],
          [36.81951, -1.23944, 1689],
          [36.81953, -1.23922, 1691],
          [36.81953, -1.23909, 1691],
          [36.8195, -1.23897, 1692],
          [36.81935, -1.23861, 1695],
          [36.81935, -1.23851, 1695],
          [36.81938, -1.23836, 1696],
          [36.81938, -1.23836, 1696],
          [36.81943, -1.23806, 1697],
          [36.81951, -1.2379, 1698],
          [36.81966, -1.23762, 1699],
          [36.81992, -1.23728, 1702],
          [36.82001, -1.23711, 1702],
          [36.82015, -1.23692, 1702],
          [36.82035, -1.2366, 1701],
          [36.82044, -1.23647, 1700],
          [36.82057, -1.23625, 1700],
          [36.82076, -1.23603, 1699],
          [36.82105, -1.23555, 1704],
          [36.82124, -1.23508, 1705],
          [36.82135, -1.23476, 1702],
          [36.82143, -1.23461, 1702],
          [36.8216, -1.23438, 1701],
          [36.8219, -1.23405, 1700],
          [36.82268, -1.23352, 1695],
          [36.82274, -1.23334, 1697],
          [36.82276, -1.23295, 1698],
          [36.82265, -1.23247, 1689],
          [36.82255, -1.23217, 1689],
          [36.82207, -1.2317, 1689],
          [36.82184, -1.23158, 1689],
          [36.82181, -1.23153, 1689]
        ]
      }
    },
    {
      "type": "Feature",
      "id": "lake-path-490582",
      "properties": {
        "slug": "lake-path-490582",
        "name": "Lake Path",
        "source": "trailfork",
        "geometrySource": "gpx",
        "vertexCount": 15
      },
      "geometry": {
        "type": "LineString",
        "coordinates": [
          [36.81663, -1.24282, 1691],
          [36.81682, -1.24258, 1690],
          [36.81699, -1.24241, 1690],
          [36.81712, -1.24226, 1691],
          [36.81727, -1.24207, 1690],
          [36.81743, -1.24191, 1689],
          [36.81762, -1.24177, 1690],
          [36.81786, -1.24164, 1690],
          [36.81811, -1.24155, 1690],
          [36.81832, -1.24145, 1691],
          [36.8185, -1.24135, 1691],
          [36.81872, -1.24125, 1691],
          [36.81892, -1.24112, 1690],
          [36.81907, -1.241, 1691],
          [36.81909, -1.24088, 1688]
        ]
      }
    },
    {
      "type": "Feature",
      "id": "lake-trail-196510838",
      "properties": {
        "slug": "lake-trail-196510838",
        "name": "Lake Trail",
        "source": "trailfork",
        "geometrySource": "gpx",
        "vertexCount": 18
      },
      "geometry": {
        "type": "LineString",
        "coordinates": [
          [36.81651, -1.24269, 1696],
          [36.817, -1.24321, 1686],
          [36.81711, -1.24328, 1685],
          [36.81722, -1.24336, 1685],
          [36.81734, -1.24342, 1685],
          [36.81749, -1.24346, 1686],
          [36.81776, -1.24349, 1690],
          [36.81821, -1.2436, 1689],
          [36.81837, -1.24367, 1689],
          [36.81867, -1.24376, 1692],
          [36.81888, -1.24388, 1691],
          [36.81916, -1.24412, 1694],
          [36.81932, -1.24422, 1692],
          [36.81948, -1.24431, 1693],
          [36.81981, -1.24439, 1695],
          [36.82046, -1.24444, 1692],
          [36.82173, -1.24463, 1690],
          [36.82331, -1.24501, 1693]
        ]
      }
    },
    {
      "type": "Feature",
      "id": "mahuga-trail-long-john-s-descent",
      "properties": {
        "slug": "mahuga-trail-long-john-s-descent",
        "name": "Mahuga Trail (Long John's Descent)",
        "source": "trailfork",
        "geometrySource": "gpx",
        "vertexCount": 84
      },
      "geometry": {
        "type": "LineString",
        "coordinates": [
          [36.84344, -1.2376, 1661],
          [36.84322, -1.23762, 1661],
          [36.84268, -1.23763, 1654],
          [36.84223, -1.23777, 1662],
          [36.84167, -1.23784, 1655],
          [36.84131, -1.23777, 1656],
          [36.84104, -1.23767, 1658],
          [36.84089, -1.23757, 1657],
          [36.84059, -1.23747, 1658],
          [36.84052, -1.23747, 1658],
          [36.84044, -1.23735, 1654],
          [36.84029, -1.23725, 1658],
          [36.84022, -1.23718, 1658],
          [36.84, -1.23704, 1660],
          [36.83986, -1.23688, 1659],
          [36.8393, -1.23662, 1656],
          [36.8392, -1.23653, 1656],
          [36.83909, -1.23651, 1655],
          [36.83896, -1.23645, 1659],
          [36.83865, -1.23627, 1658],
          [36.83856, -1.23616, 1657],
          [36.83838, -1.23603, 1657],
          [36.83832, -1.23596, 1657],
          [36.83827, -1.23596, 1657],
          [36.83818, -1.2359, 1657],
          [36.83812, -1.23582, 1657],
          [36.83786, -1.23563, 1659],
          [36.83768, -1.23547, 1659],
          [36.83751, -1.23532, 1658],
          [36.83744, -1.23529, 1658],
          [36.83731, -1.23518, 1658],
          [36.83717, -1.23513, 1654],
          [36.83702, -1.23503, 1657],
          [36.8367, -1.23494, 1659],
          [36.83608, -1.23481, 1658],
          [36.83583, -1.23474, 1663],
          [36.83559, -1.23472, 1665],
          [36.8348, -1.23458, 1666],
          [36.83464, -1.23451, 1666],
          [36.83439, -1.23437, 1666],
          [36.83435, -1.23431, 1666],
          [36.83422, -1.23425, 1666],
          [36.83402, -1.2341, 1667],
          [36.83379, -1.23399, 1667],
          [36.83361, -1.23387, 1667],
          [36.83332, -1.2336, 1668],
          [36.83267, -1.23284, 1663],
          [36.83209, -1.23242, 1664],
          [36.83178, -1.23213, 1668],
          [36.83137, -1.23158, 1669],
          [36.83127, -1.23139, 1668],
          [36.8311, -1.23096, 1673],
          [36.83088, -1.23067, 1673],
          [36.8307, -1.2305, 1673],
          [36.83052, -1.23038, 1671],
          [36.83044, -1.2303, 1671],
          [36.83001, -1.22999, 1675],
          [36.82969, -1.22982, 1671],
          [36.82927, -1.22974, 1674],
          [36.82894, -1.22974, 1673],
          [36.82779, -1.22984, 1667],
          [36.8275, -1.22982, 1674],
          [36.82733, -1.22979, 1677],
          [36.82721, -1.22981, 1677],
          [36.82691, -1.22969, 1680],
          [36.82656, -1.22952, 1680],
          [36.82587, -1.22906, 1680],
          [36.82539, -1.22881, 1679],
          [36.82518, -1.22868, 1675],
          [36.82477, -1.22851, 1682],
          [36.82464, -1.22848, 1682],
          [36.82448, -1.22833, 1680],
          [36.8243, -1.22823, 1683],
          [36.82391, -1.22814, 1675],
          [36.82365, -1.22803, 1675],
          [36.82345, -1.22791, 1682],
          [36.82338, -1.22784, 1682],
          [36.82287, -1.22758, 1690],
          [36.82273, -1.22747, 1690],
          [36.8226, -1.22741, 1691],
          [36.82245, -1.22731, 1688],
          [36.82224, -1.22725, 1689],
          [36.81863, -1.22489, 1698],
          [36.81814, -1.22465, 1703]
        ]
      }
    },
    {
      "type": "Feature",
      "id": "middle-tack",
      "properties": {
        "slug": "middle-tack",
        "name": "Middle Tack",
        "source": "trailfork",
        "geometrySource": "gpx",
        "vertexCount": 59
      },
      "geometry": {
        "type": "LineString",
        "coordinates": [
          [36.81939, -1.23828, 1696],
          [36.81974, -1.2383, 1695],
          [36.82016, -1.23831, 1701],
          [36.82044, -1.23835, 1699],
          [36.82084, -1.23841, 1694],
          [36.8212, -1.23847, 1692],
          [36.82157, -1.23852, 1690],
          [36.82196, -1.23853, 1691],
          [36.82232, -1.23855, 1690],
          [36.82267, -1.23857, 1693],
          [36.82326, -1.23862, 1701],
          [36.82385, -1.23867, 1702],
          [36.82445, -1.23875, 1697],
          [36.82504, -1.23882, 1700],
          [36.82548, -1.23886, 1702],
          [36.8259, -1.23891, 1702],
          [36.82631, -1.23896, 1703],
          [36.82673, -1.239, 1702],
          [36.82714, -1.23905, 1701],
          [36.82764, -1.23904, 1700],
          [36.82821, -1.23907, 1696],
          [36.82867, -1.23914, 1696],
          [36.82918, -1.23927, 1692],
          [36.82969, -1.23939, 1694],
          [36.83009, -1.23952, 1696],
          [36.83029, -1.23958, 1694],
          [36.8305, -1.23964, 1693],
          [36.8309, -1.23977, 1691],
          [36.8313, -1.23989, 1687],
          [36.83167, -1.23998, 1688],
          [36.83204, -1.24007, 1689],
          [36.83234, -1.24015, 1689],
          [36.83263, -1.24023, 1688],
          [36.83304, -1.24026, 1685],
          [36.83342, -1.24028, 1687],
          [36.83392, -1.24032, 1687],
          [36.83456, -1.24038, 1683],
          [36.83512, -1.24046, 1682],
          [36.83567, -1.24054, 1680],
          [36.83618, -1.24069, 1679],
          [36.83657, -1.24082, 1674],
          [36.83697, -1.24104, 1673],
          [36.83729, -1.24126, 1676],
          [36.83753, -1.24141, 1678],
          [36.83776, -1.24155, 1676],
          [36.83795, -1.24171, 1675],
          [36.83814, -1.24186, 1675],
          [36.83836, -1.24204, 1675],
          [36.83858, -1.24222, 1676],
          [36.83877, -1.24244, 1675],
          [36.83898, -1.24272, 1676],
          [36.83911, -1.24297, 1676],
          [36.83923, -1.24321, 1673],
          [36.83929, -1.24345, 1673],
          [36.83939, -1.24365, 1667],
          [36.83948, -1.24386, 1665],
          [36.83958, -1.24406, 1661],
          [36.83967, -1.24426, 1665],
          [36.83991, -1.24486, 1661]
        ]
      }
    },
    {
      "type": "Feature",
      "id": "mukeu-trail",
      "properties": {
        "slug": "mukeu-trail",
        "name": "Mukeu Trail",
        "source": "trailfork",
        "geometrySource": "gpx",
        "vertexCount": 152
      },
      "geometry": {
        "type": "LineString",
        "coordinates": [
          [36.79516, -1.24063, 1736],
          [36.79533, -1.24074, 1738],
          [36.79559, -1.24093, 1738],
          [36.79574, -1.24125, 1733],
          [36.79575, -1.24132, 1733],
          [36.79571, -1.24149, 1733],
          [36.7955, -1.24187, 1730],
          [36.7954, -1.24213, 1732],
          [36.79531, -1.24229, 1732],
          [36.7952, -1.24242, 1732],
          [36.79515, -1.24259, 1732],
          [36.79503, -1.24277, 1735],
          [36.79499, -1.24286, 1735],
          [36.79497, -1.24301, 1735],
          [36.79493, -1.2431, 1735],
          [36.79494, -1.24321, 1736],
          [36.79511, -1.2434, 1736],
          [36.79522, -1.24349, 1735],
          [36.79552, -1.24361, 1735],
          [36.79567, -1.2437, 1735],
          [36.79588, -1.24376, 1732],
          [36.79602, -1.24386, 1731],
          [36.79629, -1.24396, 1732],
          [36.79685, -1.24421, 1733],
          [36.7974, -1.24438, 1728],
          [36.79786, -1.24457, 1726],
          [36.79797, -1.2446, 1728],
          [36.79815, -1.24462, 1728],
          [36.79832, -1.24467, 1728],
          [36.7987, -1.24486, 1729],
          [36.79884, -1.24488, 1729],
          [36.79895, -1.24487, 1729],
          [36.79969, -1.24459, 1732],
          [36.80022, -1.24449, 1725],
          [36.80062, -1.24434, 1725],
          [36.80089, -1.24428, 1717],
          [36.80122, -1.24415, 1715],
          [36.80158, -1.24411, 1720],
          [36.80172, -1.24408, 1720],
          [36.80187, -1.2441, 1720],
          [36.80223, -1.24425, 1720],
          [36.80334, -1.24476, 1715],
          [36.80355, -1.2449, 1713],
          [36.80365, -1.245, 1713],
          [36.80383, -1.24511, 1712],
          [36.804, -1.24519, 1710],
          [36.8042, -1.24533, 1711],
          [36.80458, -1.24545, 1715],
          [36.80487, -1.24558, 1712],
          [36.80528, -1.24581, 1715],
          [36.80551, -1.24598, 1718],
          [36.80566, -1.24607, 1718],
          [36.80621, -1.24634, 1715],
          [36.80659, -1.24667, 1709],
          [36.80671, -1.24674, 1709],
          [36.80757, -1.24713, 1707],
          [36.8078, -1.24721, 1708],
          [36.80794, -1.24724, 1705],
          [36.8083, -1.24725, 1704],
          [36.80836, -1.24722, 1704],
          [36.80864, -1.24715, 1704],
          [36.80912, -1.24699, 1706],
          [36.80927, -1.24697, 1706],
          [36.80933, -1.24694, 1705],
          [36.8094, -1.24686, 1705],
          [36.80945, -1.24665, 1704],
          [36.80947, -1.24647, 1704],
          [36.80959, -1.2461, 1706],
          [36.8097, -1.24588, 1706],
          [36.80975, -1.24564, 1703],
          [36.80975, -1.24477, 1706],
          [36.80969, -1.24468, 1706],
          [36.80971, -1.24458, 1707],
          [36.80971, -1.24433, 1707],
          [36.80968, -1.24419, 1706],
          [36.80967, -1.24361, 1708],
          [36.80964, -1.24347, 1709],
          [36.80963, -1.24336, 1709],
          [36.80966, -1.24326, 1709],
          [36.80963, -1.24315, 1709],
          [36.80964, -1.24294, 1709],
          [36.80979, -1.2427, 1704],
          [36.80984, -1.24265, 1704],
          [36.81005, -1.24258, 1698],
          [36.81031, -1.24246, 1700],
          [36.81052, -1.24241, 1702],
          [36.81077, -1.24239, 1702],
          [36.81084, -1.2424, 1702],
          [36.81104, -1.24249, 1698],
          [36.81117, -1.24261, 1698],
          [36.81134, -1.24288, 1693],
          [36.8114, -1.24305, 1693],
          [36.81148, -1.24321, 1695],
          [36.81158, -1.24336, 1688],
          [36.81167, -1.24346, 1688],
          [36.81186, -1.24376, 1685],
          [36.8119, -1.24386, 1685],
          [36.81191, -1.24393, 1685],
          [36.812, -1.24413, 1687],
          [36.81221, -1.24445, 1683],
          [36.81234, -1.24457, 1683],
          [36.81267, -1.24479, 1680],
          [36.81288, -1.24486, 1680],
          [36.81354, -1.245, 1677],
          [36.81396, -1.24521, 1677],
          [36.81409, -1.24533, 1667],
          [36.81426, -1.24552, 1669],
          [36.81452, -1.2459, 1666],
          [36.81461, -1.24606, 1666],
          [36.81462, -1.24613, 1666],
          [36.81472, -1.24636, 1667],
          [36.8149, -1.24654, 1667],
          [36.81502, -1.2466, 1667],
          [36.81496, -1.24665, 1667],
          [36.81489, -1.24673, 1667],
          [36.81483, -1.2469, 1672],
          [36.81482, -1.24704, 1672],
          [36.81486, -1.24718, 1670],
          [36.81487, -1.24732, 1669],
          [36.81482, -1.24742, 1667],
          [36.81471, -1.24751, 1667],
          [36.81428, -1.24757, 1669],
          [36.81396, -1.24752, 1668],
          [36.81375, -1.24756, 1668],
          [36.81356, -1.24765, 1669],
          [36.81338, -1.24771, 1672],
          [36.81311, -1.24787, 1675],
          [36.81306, -1.24792, 1672],
          [36.81293, -1.24798, 1672],
          [36.81257, -1.24797, 1681],
          [36.81243, -1.24801, 1681],
          [36.81232, -1.24802, 1684],
          [36.81215, -1.24808, 1684],
          [36.81183, -1.24815, 1691],
          [36.8117, -1.2482, 1700],
          [36.81166, -1.24826, 1700],
          [36.81143, -1.24843, 1701],
          [36.81134, -1.24848, 1698],
          [36.81127, -1.2485, 1698],
          [36.81105, -1.24846, 1703],
          [36.81079, -1.24836, 1704],
          [36.81075, -1.2483, 1704],
          [36.8107, -1.24816, 1701],
          [36.8105, -1.24796, 1701],
          [36.81046, -1.24786, 1701],
          [36.81044, -1.24775, 1701],
          [36.81039, -1.24765, 1702],
          [36.81032, -1.24757, 1704],
          [36.81019, -1.24747, 1704],
          [36.80995, -1.24741, 1705],
          [36.80949, -1.24748, 1703],
          [36.8085, -1.24776, 1702]
        ]
      }
    },
    {
      "type": "Feature",
      "id": "name-2-490576",
      "properties": {
        "slug": "name-2-490576",
        "name": "Name? 2",
        "source": "trailfork",
        "geometrySource": "gpx",
        "vertexCount": 77
      },
      "geometry": {
        "type": "LineString",
        "coordinates": [
          [36.82181, -1.23153, 1689],
          [36.82157, -1.23147, 1685],
          [36.82144, -1.23135, 1684],
          [36.82131, -1.2313, 1684],
          [36.8211, -1.23125, 1677],
          [36.82089, -1.23127, 1679],
          [36.82081, -1.23135, 1679],
          [36.82076, -1.23141, 1679],
          [36.82069, -1.23147, 1682],
          [36.82057, -1.23151, 1682],
          [36.8205, -1.23154, 1686],
          [36.82044, -1.23158, 1686],
          [36.82041, -1.23164, 1685],
          [36.82038, -1.23174, 1685],
          [36.82039, -1.23185, 1691],
          [36.8204, -1.23194, 1691],
          [36.82037, -1.23209, 1694],
          [36.82032, -1.23216, 1694],
          [36.8203, -1.23222, 1694],
          [36.82029, -1.2323, 1694],
          [36.82027, -1.23237, 1696],
          [36.82024, -1.23244, 1696],
          [36.82021, -1.2325, 1696],
          [36.82019, -1.23254, 1696],
          [36.82016, -1.23259, 1696],
          [36.82015, -1.23267, 1697],
          [36.82013, -1.23275, 1695],
          [36.82013, -1.23283, 1695],
          [36.8201, -1.23289, 1695],
          [36.82005, -1.23297, 1698],
          [36.82, -1.23304, 1698],
          [36.81993, -1.2331, 1698],
          [36.81989, -1.23316, 1698],
          [36.81989, -1.23322, 1699],
          [36.81988, -1.23327, 1699],
          [36.81987, -1.23336, 1699],
          [36.81987, -1.23343, 1699],
          [36.81987, -1.2335, 1701],
          [36.81985, -1.23356, 1705],
          [36.81982, -1.23361, 1705],
          [36.81981, -1.23367, 1705],
          [36.8198, -1.23376, 1709],
          [36.8198, -1.23382, 1709],
          [36.81976, -1.23389, 1709],
          [36.81972, -1.23397, 1709],
          [36.81963, -1.23405, 1710],
          [36.81957, -1.23411, 1710],
          [36.8195, -1.23419, 1710],
          [36.81947, -1.23427, 1710],
          [36.81945, -1.23431, 1710],
          [36.81944, -1.23436, 1710],
          [36.81946, -1.2344, 1710],
          [36.81947, -1.23445, 1710],
          [36.81944, -1.23451, 1710],
          [36.8194, -1.23457, 1710],
          [36.81938, -1.23466, 1709],
          [36.8194, -1.23472, 1709],
          [36.81945, -1.23481, 1709],
          [36.81952, -1.23487, 1709],
          [36.81958, -1.23494, 1709],
          [36.81967, -1.23497, 1707],
          [36.81979, -1.23499, 1707],
          [36.81992, -1.23498, 1705],
          [36.82005, -1.23497, 1705],
          [36.82011, -1.23498, 1705],
          [36.82019, -1.23505, 1704],
          [36.82028, -1.23514, 1706],
          [36.82036, -1.23521, 1706],
          [36.82041, -1.23528, 1706],
          [36.82047, -1.23536, 1705],
          [36.82052, -1.23543, 1705],
          [36.82059, -1.23545, 1705],
          [36.82067, -1.23548, 1705],
          [36.82073, -1.23553, 1705],
          [36.82078, -1.23559, 1705],
          [36.82083, -1.23568, 1705],
          [36.8209, -1.2358, 1702]
        ]
      }
    },
    {
      "type": "Feature",
      "id": "name-3-490578",
      "properties": {
        "slug": "name-3-490578",
        "name": "Name 3?",
        "source": "trailfork",
        "geometrySource": "gpx",
        "vertexCount": 21
      },
      "geometry": {
        "type": "LineString",
        "coordinates": [
          [36.82089, -1.23127, 1679],
          [36.82088, -1.23129, 1679],
          [36.82079, -1.2312, 1678],
          [36.82068, -1.23117, 1677],
          [36.82063, -1.23105, 1677],
          [36.8206, -1.23098, 1677],
          [36.82058, -1.23089, 1675],
          [36.82065, -1.23081, 1675],
          [36.82073, -1.23075, 1677],
          [36.82081, -1.23066, 1679],
          [36.82078, -1.23056, 1679],
          [36.82067, -1.23054, 1682],
          [36.82059, -1.23055, 1682],
          [36.82048, -1.2306, 1682],
          [36.82037, -1.23063, 1679],
          [36.82019, -1.2306, 1679],
          [36.82003, -1.23047, 1676],
          [36.81991, -1.23032, 1682],
          [36.81977, -1.2302, 1682],
          [36.81966, -1.23015, 1682],
          [36.81956, -1.23, 1688]
        ]
      }
    },
    {
      "type": "Feature",
      "id": "name-4-490520",
      "properties": {
        "slug": "name-4-490520",
        "name": "Name 4?",
        "source": "trailfork",
        "geometrySource": "gpx",
        "vertexCount": 17
      },
      "geometry": {
        "type": "LineString",
        "coordinates": [
          [36.83996, -1.24931, 1668],
          [36.83972, -1.24912, 1664],
          [36.83956, -1.24905, 1663],
          [36.83932, -1.24891, 1664],
          [36.83915, -1.24873, 1663],
          [36.83895, -1.24854, 1663],
          [36.83881, -1.24836, 1662],
          [36.83871, -1.24824, 1662],
          [36.8386, -1.24815, 1663],
          [36.8385, -1.24812, 1663],
          [36.83837, -1.24805, 1662],
          [36.8382, -1.24798, 1662],
          [36.83806, -1.24789, 1661],
          [36.83796, -1.24774, 1661],
          [36.83788, -1.24757, 1663],
          [36.83768, -1.24733, 1664],
          [36.83753, -1.24722, 1671]
        ]
      }
    },
    {
      "type": "Feature",
      "id": "name-490616",
      "properties": {
        "slug": "name-490616",
        "name": "Name ?",
        "source": "trailfork",
        "geometrySource": "gpx",
        "vertexCount": 67
      },
      "geometry": {
        "type": "LineString",
        "coordinates": [
          [36.81052, -1.24241, 1702],
          [36.8105, -1.24231, 1697],
          [36.8104, -1.24227, 1696],
          [36.81023, -1.2423, 1696],
          [36.80989, -1.24239, 1698],
          [36.8096, -1.24241, 1702],
          [36.80929, -1.24238, 1705],
          [36.80907, -1.24235, 1701],
          [36.80877, -1.24227, 1702],
          [36.80862, -1.24217, 1703],
          [36.80843, -1.24207, 1700],
          [36.8082, -1.24203, 1700],
          [36.80789, -1.24194, 1707],
          [36.80759, -1.2419, 1710],
          [36.8072, -1.24185, 1710],
          [36.80685, -1.24182, 1709],
          [36.80656, -1.2418, 1701],
          [36.80629, -1.24172, 1701],
          [36.80607, -1.24165, 1701],
          [36.80585, -1.2415, 1699],
          [36.80565, -1.24139, 1702],
          [36.80544, -1.24133, 1702],
          [36.80518, -1.24122, 1698],
          [36.805, -1.24104, 1704],
          [36.80474, -1.24085, 1705],
          [36.80455, -1.24069, 1707],
          [36.80439, -1.24053, 1707],
          [36.80419, -1.2403, 1709],
          [36.80392, -1.24011, 1711],
          [36.80362, -1.23993, 1715],
          [36.80346, -1.23986, 1719],
          [36.8032, -1.23981, 1719],
          [36.80306, -1.2397, 1720],
          [36.80284, -1.23949, 1720],
          [36.80264, -1.23935, 1720],
          [36.80247, -1.23919, 1721],
          [36.80238, -1.23908, 1721],
          [36.80222, -1.23886, 1722],
          [36.80206, -1.23872, 1721],
          [36.80186, -1.23864, 1721],
          [36.8017, -1.23851, 1720],
          [36.80158, -1.23833, 1723],
          [36.80155, -1.23809, 1721],
          [36.80147, -1.23787, 1718],
          [36.80128, -1.23772, 1718],
          [36.80112, -1.2376, 1722],
          [36.80085, -1.23751, 1725],
          [36.8006, -1.23736, 1728],
          [36.80047, -1.23729, 1728],
          [36.8003, -1.23714, 1728],
          [36.80018, -1.23707, 1727],
          [36.80006, -1.23704, 1727],
          [36.79989, -1.23704, 1727],
          [36.7997, -1.2371, 1727],
          [36.79959, -1.2371, 1727],
          [36.79944, -1.23708, 1727],
          [36.79927, -1.23702, 1730],
          [36.79906, -1.23696, 1730],
          [36.79884, -1.23688, 1732],
          [36.79861, -1.2368, 1728],
          [36.7984, -1.2367, 1729],
          [36.7982, -1.23664, 1729],
          [36.79803, -1.23665, 1734],
          [36.79781, -1.23671, 1736],
          [36.79764, -1.2368, 1736],
          [36.7975, -1.23687, 1729],
          [36.79739, -1.23704, 1729]
        ]
      }
    },
    {
      "type": "Feature",
      "id": "name-490617",
      "properties": {
        "slug": "name-490617",
        "name": "Name?",
        "source": "trailfork",
        "geometrySource": "gpx",
        "vertexCount": 23
      },
      "geometry": {
        "type": "LineString",
        "coordinates": [
          [36.80642, -1.24775, 1712],
          [36.80621, -1.24751, 1717],
          [36.80604, -1.24747, 1717],
          [36.80588, -1.24751, 1718],
          [36.80573, -1.24744, 1718],
          [36.80562, -1.24732, 1720],
          [36.8055, -1.24726, 1720],
          [36.8053, -1.24727, 1719],
          [36.80515, -1.24734, 1719],
          [36.80497, -1.24734, 1718],
          [36.80478, -1.24724, 1717],
          [36.80465, -1.24712, 1717],
          [36.80451, -1.24701, 1718],
          [36.80435, -1.24704, 1718],
          [36.8042, -1.24705, 1720],
          [36.804, -1.24702, 1721],
          [36.80377, -1.24691, 1721],
          [36.80355, -1.24685, 1719],
          [36.80337, -1.24674, 1719],
          [36.80327, -1.24661, 1719],
          [36.80313, -1.24654, 1717],
          [36.8029, -1.24648, 1716],
          [36.80261, -1.24648, 1717]
        ]
      }
    },
    {
      "type": "Feature",
      "id": "name-490618",
      "properties": {
        "slug": "name-490618",
        "name": "Name?",
        "source": "trailfork",
        "geometrySource": "gpx",
        "vertexCount": 21
      },
      "geometry": {
        "type": "LineString",
        "coordinates": [
          [36.80058, -1.24621, 1720],
          [36.80019, -1.24644, 1714],
          [36.79977, -1.24654, 1712],
          [36.79925, -1.24642, 1713],
          [36.79899, -1.24637, 1711],
          [36.79858, -1.24644, 1710],
          [36.79809, -1.24644, 1715],
          [36.79747, -1.24611, 1712],
          [36.79681, -1.24568, 1722],
          [36.79605, -1.24531, 1712],
          [36.79551, -1.245, 1716],
          [36.79492, -1.24467, 1715],
          [36.79468, -1.24431, 1719],
          [36.79452, -1.24384, 1724],
          [36.7944, -1.24327, 1737],
          [36.79442, -1.2428, 1739],
          [36.79452, -1.24225, 1735],
          [36.79482, -1.24173, 1733],
          [36.79504, -1.24126, 1733],
          [36.79515, -1.24102, 1737],
          [36.79533, -1.24074, 1738]
        ]
      }
    },
    {
      "type": "Feature",
      "id": "name-6-490519",
      "properties": {
        "slug": "name-6-490519",
        "name": "Name 6?",
        "source": "trailfork",
        "geometrySource": "gpx",
        "vertexCount": 13
      },
      "geometry": {
        "type": "LineString",
        "coordinates": [
          [36.83929, -1.24345, 1673],
          [36.83918, -1.24366, 1668],
          [36.83902, -1.2441, 1666],
          [36.83874, -1.24474, 1667],
          [36.83855, -1.24533, 1661],
          [36.83838, -1.24574, 1664],
          [36.83828, -1.24593, 1664],
          [36.8381, -1.24616, 1664],
          [36.83795, -1.2464, 1664],
          [36.83785, -1.24663, 1668],
          [36.83778, -1.24679, 1668],
          [36.83766, -1.24701, 1665],
          [36.83754, -1.24723, 1671]
        ]
      }
    },
    {
      "type": "Feature",
      "id": "olive-path",
      "properties": {
        "slug": "olive-path",
        "name": "Olive Path",
        "source": "trailfork",
        "geometrySource": "gpx",
        "vertexCount": 9
      },
      "geometry": {
        "type": "LineString",
        "coordinates": [
          [36.81723, -1.24642, 1688],
          [36.81737, -1.24622, 1692],
          [36.81758, -1.24592, 1694],
          [36.81837, -1.24451, 1694],
          [36.81858, -1.24408, 1693],
          [36.81864, -1.24399, 1692],
          [36.81869, -1.24394, 1692],
          [36.8187, -1.24385, 1692],
          [36.81867, -1.24376, 1692]
        ]
      }
    },
    {
      "type": "Feature",
      "id": "pipeline-path-280720865",
      "properties": {
        "slug": "pipeline-path-280720865",
        "name": "Pipeline Path",
        "source": "trailfork",
        "geometrySource": "gpx",
        "vertexCount": 24
      },
      "geometry": {
        "type": "LineString",
        "coordinates": [
          [36.82331, -1.24501, 1693],
          [36.82344, -1.24506, 1693],
          [36.82363, -1.24517, 1694],
          [36.82393, -1.24528, 1693],
          [36.82421, -1.24536, 1692],
          [36.8243, -1.24543, 1693],
          [36.82446, -1.24551, 1693],
          [36.82463, -1.24564, 1691],
          [36.82511, -1.24607, 1690],
          [36.82528, -1.24614, 1688],
          [36.8254, -1.24622, 1688],
          [36.82549, -1.24637, 1690],
          [36.82559, -1.24647, 1690],
          [36.82591, -1.24671, 1690],
          [36.82598, -1.24679, 1688],
          [36.82614, -1.24693, 1687],
          [36.82652, -1.24715, 1682],
          [36.82666, -1.24726, 1681],
          [36.8267, -1.24732, 1681],
          [36.82683, -1.24739, 1685],
          [36.82765, -1.2481, 1671],
          [36.82785, -1.24825, 1667],
          [36.82814, -1.24852, 1655],
          [36.82815, -1.24865, 1655]
        ]
      }
    },
    {
      "type": "Feature",
      "id": "sigiria-trail",
      "properties": {
        "slug": "sigiria-trail",
        "name": "Sigiria Trail",
        "source": "trailfork",
        "geometrySource": "gpx",
        "vertexCount": 61
      },
      "geometry": {
        "type": "LineString",
        "coordinates": [
          [36.80984, -1.24265, 1704],
          [36.80913, -1.24267, 1709],
          [36.80873, -1.24262, 1705],
          [36.80848, -1.2426, 1705],
          [36.80813, -1.24254, 1712],
          [36.80757, -1.24237, 1712],
          [36.80733, -1.24231, 1713],
          [36.80686, -1.24227, 1713],
          [36.80647, -1.2422, 1710],
          [36.80623, -1.24213, 1711],
          [36.80599, -1.24204, 1709],
          [36.80585, -1.242, 1711],
          [36.8057, -1.24192, 1711],
          [36.80502, -1.24168, 1711],
          [36.80488, -1.24162, 1711],
          [36.80447, -1.24141, 1712],
          [36.80437, -1.24137, 1712],
          [36.80418, -1.24126, 1715],
          [36.80411, -1.24118, 1713],
          [36.80389, -1.24106, 1714],
          [36.80333, -1.24079, 1714],
          [36.803, -1.24068, 1717],
          [36.80184, -1.24028, 1718],
          [36.80154, -1.24019, 1720],
          [36.80143, -1.24016, 1721],
          [36.80127, -1.24007, 1724],
          [36.80101, -1.23996, 1727],
          [36.80027, -1.23957, 1722],
          [36.80012, -1.23948, 1720],
          [36.79998, -1.23936, 1720],
          [36.79992, -1.23933, 1720],
          [36.79985, -1.23935, 1721],
          [36.79951, -1.23949, 1722],
          [36.79917, -1.23974, 1721],
          [36.79903, -1.23979, 1721],
          [36.79894, -1.23984, 1718],
          [36.79887, -1.23982, 1718],
          [36.79871, -1.23974, 1717],
          [36.79869, -1.23971, 1717],
          [36.79862, -1.23932, 1716],
          [36.79864, -1.23911, 1717],
          [36.79858, -1.23898, 1716],
          [36.79855, -1.23884, 1716],
          [36.7985, -1.23874, 1714],
          [36.79849, -1.23871, 1714],
          [36.79863, -1.2385, 1714],
          [36.79864, -1.23843, 1716],
          [36.79864, -1.23835, 1716],
          [36.79862, -1.23833, 1716],
          [36.79854, -1.23826, 1716],
          [36.79851, -1.2382, 1716],
          [36.79849, -1.23813, 1719],
          [36.7985, -1.23798, 1719],
          [36.79845, -1.23789, 1719],
          [36.79849, -1.23775, 1723],
          [36.79855, -1.23763, 1729],
          [36.79845, -1.23754, 1727],
          [36.79799, -1.23725, 1730],
          [36.79782, -1.23719, 1728],
          [36.79775, -1.23712, 1728],
          [36.79739, -1.23704, 1729]
        ]
      }
    },
    {
      "type": "Feature",
      "id": "tara-path-490571",
      "properties": {
        "slug": "tara-path-490571",
        "name": "Tara Path",
        "source": "trailfork",
        "geometrySource": "gpx",
        "vertexCount": 86
      },
      "geometry": {
        "type": "LineString",
        "coordinates": [
          [36.82437, -1.23366, 1676],
          [36.8243, -1.23316, 1675],
          [36.82436, -1.23297, 1673],
          [36.82448, -1.23285, 1673],
          [36.82459, -1.23288, 1674],
          [36.82506, -1.23316, 1672],
          [36.82542, -1.23331, 1673],
          [36.82583, -1.23338, 1675],
          [36.82607, -1.23335, 1676],
          [36.82621, -1.23329, 1676],
          [36.82631, -1.23318, 1683],
          [36.82638, -1.23302, 1683],
          [36.82652, -1.2325, 1689],
          [36.82663, -1.23224, 1689],
          [36.8268, -1.23158, 1686],
          [36.82686, -1.23126, 1685],
          [36.82696, -1.23095, 1682],
          [36.82709, -1.2304, 1683],
          [36.82717, -1.22986, 1677],
          [36.82721, -1.22981, 1677],
          [36.82735, -1.22976, 1677],
          [36.82745, -1.22965, 1674],
          [36.82781, -1.22949, 1664],
          [36.82792, -1.22948, 1663],
          [36.82812, -1.2294, 1663],
          [36.82833, -1.2292, 1659],
          [36.82841, -1.22909, 1659],
          [36.82842, -1.22895, 1659],
          [36.82833, -1.22878, 1659],
          [36.82832, -1.22868, 1660],
          [36.82833, -1.22857, 1660],
          [36.82838, -1.22848, 1660],
          [36.82865, -1.2283, 1664],
          [36.82874, -1.22824, 1664],
          [36.82858, -1.22816, 1669],
          [36.8285, -1.228, 1669],
          [36.82846, -1.22783, 1674],
          [36.82846, -1.22766, 1674],
          [36.82848, -1.22745, 1678],
          [36.8284, -1.22732, 1683],
          [36.82832, -1.22719, 1683],
          [36.82831, -1.22702, 1687],
          [36.8284, -1.22674, 1691],
          [36.82846, -1.22667, 1691],
          [36.8286, -1.2267, 1689],
          [36.82871, -1.22677, 1689],
          [36.82883, -1.22681, 1685],
          [36.82888, -1.22686, 1685],
          [36.82907, -1.22695, 1685],
          [36.82921, -1.22698, 1685],
          [36.83009, -1.22746, 1684],
          [36.83032, -1.22756, 1687],
          [36.83063, -1.22765, 1684],
          [36.83104, -1.22786, 1683],
          [36.83113, -1.22786, 1683],
          [36.83146, -1.22806, 1681],
          [36.83161, -1.22817, 1684],
          [36.83175, -1.22837, 1682],
          [36.83186, -1.22875, 1678],
          [36.83207, -1.22916, 1676],
          [36.83224, -1.2294, 1680],
          [36.83225, -1.22947, 1680],
          [36.83236, -1.2297, 1677],
          [36.83273, -1.23018, 1675],
          [36.83283, -1.23041, 1675],
          [36.83288, -1.23047, 1670],
          [36.83294, -1.2305, 1674],
          [36.83296, -1.23057, 1674],
          [36.83324, -1.23102, 1675],
          [36.8333, -1.23106, 1675],
          [36.83358, -1.23139, 1674],
          [36.83383, -1.23155, 1671],
          [36.83397, -1.23157, 1671],
          [36.83417, -1.23164, 1672],
          [36.83446, -1.23179, 1671],
          [36.83477, -1.23189, 1670],
          [36.83498, -1.23203, 1672],
          [36.83512, -1.23223, 1671],
          [36.8352, -1.23243, 1671],
          [36.83531, -1.23257, 1671],
          [36.8357, -1.23295, 1667],
          [36.83583, -1.23301, 1667],
          [36.83597, -1.23299, 1667],
          [36.83629, -1.23308, 1667],
          [36.83672, -1.23309, 1669],
          [36.83699, -1.23319, 1666]
        ]
      }
    },
    {
      "type": "Feature",
      "id": "thigiri-trail",
      "properties": {
        "slug": "thigiri-trail",
        "name": "Thigiri Trail",
        "source": "trailfork",
        "geometrySource": "gpx",
        "vertexCount": 30
      },
      "geometry": {
        "type": "LineString",
        "coordinates": [
          [36.79615, -1.24056, 1734],
          [36.79626, -1.24065, 1731],
          [36.79655, -1.24079, 1731],
          [36.79748, -1.24108, 1733],
          [36.79764, -1.24117, 1736],
          [36.79787, -1.24134, 1734],
          [36.79797, -1.24133, 1732],
          [36.79812, -1.24154, 1732],
          [36.79835, -1.24172, 1733],
          [36.7988, -1.24194, 1730],
          [36.7994, -1.24219, 1726],
          [36.79955, -1.2423, 1726],
          [36.7997, -1.24239, 1723],
          [36.79981, -1.24242, 1723],
          [36.80003, -1.24242, 1724],
          [36.80013, -1.24246, 1724],
          [36.80018, -1.2425, 1724],
          [36.80028, -1.24254, 1724],
          [36.80032, -1.24256, 1724],
          [36.80042, -1.2427, 1726],
          [36.80049, -1.24301, 1725],
          [36.80055, -1.24311, 1725],
          [36.80079, -1.24342, 1720],
          [36.80096, -1.24356, 1718],
          [36.80113, -1.24362, 1716],
          [36.8013, -1.24379, 1716],
          [36.80143, -1.24383, 1716],
          [36.80167, -1.24398, 1719],
          [36.80175, -1.24405, 1720],
          [36.80187, -1.2441, 1720]
        ]
      }
    },
    {
      "type": "Feature",
      "id": "turaco-path",
      "properties": {
        "slug": "turaco-path",
        "name": "Turaco Path",
        "source": "trailfork",
        "geometrySource": "gpx",
        "vertexCount": 42
      },
      "geometry": {
        "type": "LineString",
        "coordinates": [
          [36.83284, -1.24702, 1655],
          [36.83229, -1.24672, 1652],
          [36.83203, -1.24652, 1653],
          [36.83176, -1.24631, 1652],
          [36.83153, -1.24619, 1660],
          [36.83134, -1.24605, 1658],
          [36.83099, -1.24593, 1662],
          [36.83086, -1.24582, 1657],
          [36.83077, -1.2457, 1657],
          [36.83059, -1.24559, 1659],
          [36.83041, -1.24545, 1655],
          [36.83038, -1.24538, 1664],
          [36.83023, -1.24523, 1664],
          [36.83006, -1.24501, 1668],
          [36.82994, -1.2449, 1668],
          [36.82988, -1.24478, 1674],
          [36.82978, -1.24468, 1671],
          [36.82945, -1.24444, 1673],
          [36.82916, -1.24431, 1667],
          [36.82913, -1.24417, 1674],
          [36.82909, -1.24411, 1674],
          [36.82891, -1.24407, 1671],
          [36.82884, -1.24409, 1671],
          [36.82879, -1.24413, 1671],
          [36.82875, -1.24412, 1671],
          [36.82857, -1.244, 1672],
          [36.82855, -1.24397, 1672],
          [36.82855, -1.24386, 1672],
          [36.82847, -1.24375, 1673],
          [36.82837, -1.24372, 1673],
          [36.82822, -1.24372, 1673],
          [36.82813, -1.24367, 1669],
          [36.82792, -1.24348, 1669],
          [36.82768, -1.2433, 1672],
          [36.82755, -1.24318, 1677],
          [36.82735, -1.24304, 1677],
          [36.82703, -1.2427, 1681],
          [36.82701, -1.24263, 1685],
          [36.82691, -1.24253, 1685],
          [36.82682, -1.24241, 1685],
          [36.82665, -1.24228, 1685],
          [36.82654, -1.24212, 1685]
        ]
      }
    },
    {
      "type": "Feature",
      "id": "wangari-maathai-track",
      "properties": {
        "slug": "wangari-maathai-track",
        "name": "Wangari Maathai Track",
        "source": "trailfork",
        "geometrySource": "gpx",
        "vertexCount": 8
      },
      "geometry": {
        "type": "LineString",
        "coordinates": [
          [36.82054, -1.22904, 1689],
          [36.82166, -1.23007, 1682],
          [36.82213, -1.23003, 1685],
          [36.82663, -1.23224, 1689],
          [36.83683, -1.23682, 1673],
          [36.83939, -1.23797, 1662],
          [36.83972, -1.23811, 1662],
          [36.84388, -1.23984, 1669]
        ]
      }
    },
    {
      "type": "Feature",
      "id": "alltrails-olive-path-sykes-monkey-and-kfeet-track",
      "properties": {
        "slug": "alltrails-olive-path-sykes-monkey-and-kfeet-track",
        "name": "Olive Path, Sykes' Monkey and Kfeet Track",
        "source": "alltrails",
        "geometrySource": "alltrails",
        "vertexCount": 956,
        "alltrails": {
          "desc": "Generated by AllTrails https://www.alltrails.com/",
          "sourceFile": "Olive_Path_Sykes_Monkey_and_Kfeet_Track.geojson"
        }
      },
      "geometry": {
        "type": "LineString",
        "coordinates": [
          [36.81727, -1.24732, 1669],
          [36.81742, -1.24732, 1670],
          [36.81753, -1.24733, 1670],
          [36.81757, -1.24732, 1671],
          [36.81759, -1.24731, 1671],
          [36.81762, -1.2473, 1671],
          [36.81765, -1.24729, 1671],
          [36.81765, -1.24728, 1671],
          [36.81766, -1.24724, 1672],
          [36.81766, -1.2472, 1673],
          [36.81765, -1.24715, 1674],
          [36.81764, -1.24711, 1675],
          [36.81762, -1.24708, 1675],
          [36.81755, -1.24694, 1679],
          [36.81752, -1.24689, 1679],
          [36.8175, -1.24686, 1680],
          [36.8175, -1.24684, 1680],
          [36.81749, -1.24683, 1680],
          [36.81747, -1.24682, 1680],
          [36.81746, -1.2468, 1680],
          [36.81744, -1.24677, 1681],
          [36.81744, -1.24674, 1681],
          [36.81741, -1.24671, 1682],
          [36.81741, -1.2467, 1682],
          [36.81739, -1.24666, 1683],
          [36.81736, -1.2466, 1684],
          [36.81728, -1.24649, 1686],
          [36.81725, -1.24646, 1687],
          [36.81734, -1.2464, 1687],
          [36.81731, -1.24635, 1688],
          [36.81732, -1.24629, 1689],
          [36.81736, -1.24623, 1690],
          [36.8174, -1.24617, 1691],
          [36.81746, -1.2461, 1692],
          [36.81755, -1.24597, 1693],
          [36.81763, -1.24588, 1694],
          [36.81768, -1.2458, 1695],
          [36.81771, -1.24577, 1695],
          [36.81772, -1.24574, 1695],
          [36.81773, -1.24573, 1695],
          [36.81775, -1.24569, 1696],
          [36.81776, -1.24564, 1696],
          [36.81781, -1.24556, 1696],
          [36.81784, -1.24547, 1696],
          [36.81788, -1.24541, 1696],
          [36.81792, -1.24536, 1697],
          [36.81795, -1.24529, 1697],
          [36.81801, -1.24519, 1697],
          [36.81805, -1.24511, 1697],
          [36.81808, -1.24505, 1697],
          [36.81811, -1.24501, 1697],
          [36.81814, -1.24497, 1697],
          [36.81817, -1.24493, 1697],
          [36.81819, -1.2449, 1697],
          [36.81821, -1.24487, 1697],
          [36.81826, -1.24478, 1697],
          [36.81827, -1.24474, 1697],
          [36.81833, -1.24462, 1696],
          [36.81836, -1.24457, 1695],
          [36.81838, -1.2445, 1695],
          [36.81842, -1.24442, 1694],
          [36.81846, -1.24429, 1694],
          [36.81848, -1.24425, 1694],
          [36.81851, -1.2442, 1694],
          [36.81852, -1.24416, 1693],
          [36.81853, -1.24414, 1693],
          [36.81854, -1.24412, 1693],
          [36.81856, -1.24408, 1693],
          [36.81859, -1.24403, 1693],
          [36.81865, -1.24398, 1693],
          [36.81868, -1.24393, 1692],
          [36.81871, -1.2439, 1692],
          [36.81878, -1.24386, 1692],
          [36.81881, -1.24384, 1691],
          [36.81884, -1.24383, 1691],
          [36.81889, -1.24385, 1691],
          [36.81892, -1.24386, 1691],
          [36.81901, -1.24395, 1692],
          [36.81906, -1.24401, 1692],
          [36.81909, -1.24404, 1693],
          [36.81913, -1.24406, 1693],
          [36.81915, -1.24408, 1693],
          [36.81917, -1.2441, 1694],
          [36.81922, -1.24413, 1694],
          [36.81926, -1.24416, 1694],
          [36.81931, -1.2442, 1693],
          [36.81936, -1.24422, 1693],
          [36.81938, -1.24425, 1693],
          [36.8194, -1.24429, 1693],
          [36.81942, -1.24431, 1693],
          [36.81944, -1.24432, 1693],
          [36.81949, -1.24434, 1693],
          [36.81952, -1.24436, 1693],
          [36.81964, -1.24438, 1694],
          [36.81972, -1.24441, 1695],
          [36.81975, -1.24441, 1695],
          [36.81977, -1.24442, 1695],
          [36.81981, -1.24443, 1695],
          [36.81985, -1.24442, 1695],
          [36.8199, -1.24442, 1695],
          [36.81994, -1.24443, 1695],
          [36.81998, -1.24443, 1694],
          [36.82004, -1.24443, 1694],
          [36.82011, -1.24445, 1693],
          [36.82018, -1.24443, 1692],
          [36.82024, -1.24443, 1692],
          [36.82035, -1.24442, 1692],
          [36.82045, -1.24442, 1692],
          [36.82049, -1.24441, 1692],
          [36.82055, -1.24441, 1692],
          [36.82062, -1.24441, 1693],
          [36.82065, -1.24442, 1693],
          [36.8207, -1.24443, 1694],
          [36.82075, -1.24444, 1694],
          [36.8208, -1.24444, 1694],
          [36.82084, -1.24444, 1695],
          [36.82086, -1.24444, 1695],
          [36.82088, -1.24444, 1695],
          [36.82092, -1.24444, 1695],
          [36.82099, -1.24444, 1695],
          [36.82108, -1.24446, 1695],
          [36.82114, -1.24446, 1695],
          [36.82121, -1.24447, 1695],
          [36.82126, -1.24448, 1694],
          [36.82134, -1.24451, 1693],
          [36.82143, -1.24452, 1693],
          [36.82153, -1.24454, 1691],
          [36.82164, -1.24458, 1690],
          [36.82167, -1.2446, 1690],
          [36.82171, -1.24461, 1690],
          [36.82174, -1.24462, 1690],
          [36.82175, -1.24463, 1690],
          [36.82177, -1.24464, 1690],
          [36.8218, -1.24465, 1690],
          [36.82187, -1.24469, 1690],
          [36.82189, -1.24469, 1690],
          [36.82195, -1.24472, 1691],
          [36.82197, -1.24473, 1691],
          [36.82201, -1.24473, 1691],
          [36.82207, -1.24476, 1691],
          [36.82224, -1.24481, 1691],
          [36.82227, -1.24482, 1691],
          [36.8223, -1.24482, 1692],
          [36.82241, -1.24485, 1692],
          [36.82249, -1.24487, 1693],
          [36.82254, -1.24488, 1693],
          [36.82258, -1.2449, 1694],
          [36.82261, -1.2449, 1694],
          [36.82264, -1.24491, 1694],
          [36.82267, -1.24492, 1694],
          [36.82269, -1.24493, 1694],
          [36.82274, -1.24493, 1695],
          [36.82291, -1.24497, 1695],
          [36.82295, -1.24497, 1695],
          [36.82299, -1.24498, 1695],
          [36.82304, -1.24498, 1694],
          [36.82308, -1.24499, 1694],
          [36.82313, -1.24499, 1694],
          [36.82318, -1.245, 1694],
          [36.82324, -1.245, 1694],
          [36.82325, -1.245, 1694],
          [36.82334, -1.24502, 1694],
          [36.82339, -1.24501, 1694],
          [36.82341, -1.245, 1694],
          [36.82342, -1.24498, 1693],
          [36.82343, -1.24496, 1693],
          [36.82343, -1.24495, 1693],
          [36.82344, -1.24494, 1693],
          [36.82345, -1.24493, 1693],
          [36.82346, -1.2449, 1693],
          [36.82347, -1.24487, 1693],
          [36.82347, -1.24484, 1692],
          [36.82351, -1.2447, 1691],
          [36.82351, -1.24465, 1691],
          [36.82352, -1.24462, 1691],
          [36.82355, -1.2445, 1690],
          [36.82357, -1.24447, 1690],
          [36.82358, -1.24445, 1690],
          [36.82357, -1.24443, 1690],
          [36.82359, -1.24438, 1689],
          [36.8236, -1.24438, 1689],
          [36.82362, -1.2443, 1689],
          [36.82363, -1.24426, 1689],
          [36.82363, -1.24423, 1689],
          [36.82363, -1.2442, 1689],
          [36.82363, -1.24418, 1689],
          [36.82364, -1.24415, 1689],
          [36.82364, -1.24412, 1689],
          [36.82365, -1.24411, 1689],
          [36.82367, -1.24408, 1689],
          [36.82368, -1.24404, 1689],
          [36.82368, -1.24398, 1689],
          [36.82371, -1.24383, 1690],
          [36.82382, -1.24347, 1693],
          [36.82384, -1.24335, 1694],
          [36.82386, -1.24326, 1696],
          [36.82388, -1.24317, 1697],
          [36.8239, -1.24309, 1699],
          [36.82392, -1.24298, 1698],
          [36.82394, -1.24293, 1698],
          [36.82394, -1.2429, 1697],
          [36.82396, -1.24286, 1697],
          [36.82398, -1.24277, 1696],
          [36.82399, -1.24271, 1696],
          [36.82401, -1.24267, 1695],
          [36.82401, -1.24264, 1695],
          [36.82405, -1.24249, 1694],
          [36.82407, -1.24239, 1693],
          [36.82408, -1.24233, 1693],
          [36.82409, -1.24229, 1692],
          [36.82411, -1.24226, 1692],
          [36.82412, -1.24222, 1692],
          [36.82413, -1.24215, 1691],
          [36.82417, -1.24205, 1690],
          [36.82418, -1.24199, 1689],
          [36.82421, -1.24192, 1688],
          [36.82424, -1.24181, 1687],
          [36.82424, -1.24178, 1687],
          [36.82425, -1.24172, 1687],
          [36.82425, -1.2417, 1687],
          [36.82423, -1.24167, 1687],
          [36.82423, -1.24163, 1687],
          [36.8242, -1.24157, 1687],
          [36.8242, -1.24154, 1686],
          [36.82421, -1.2415, 1686],
          [36.82421, -1.24147, 1686],
          [36.82423, -1.24144, 1686],
          [36.82425, -1.24141, 1686],
          [36.82432, -1.24137, 1685],
          [36.82436, -1.24131, 1685],
          [36.82437, -1.24124, 1684],
          [36.82439, -1.24122, 1684],
          [36.82439, -1.24118, 1683],
          [36.82441, -1.24106, 1683],
          [36.82443, -1.24101, 1683],
          [36.82444, -1.24095, 1683],
          [36.82444, -1.24092, 1683],
          [36.82446, -1.24089, 1684],
          [36.82447, -1.24085, 1684],
          [36.82448, -1.24082, 1684],
          [36.82448, -1.24081, 1685],
          [36.82449, -1.2408, 1685],
          [36.8245, -1.24075, 1686],
          [36.8245, -1.24072, 1687],
          [36.82451, -1.24069, 1687],
          [36.82452, -1.24063, 1688],
          [36.82454, -1.24056, 1690],
          [36.82455, -1.24049, 1691],
          [36.82457, -1.24042, 1693],
          [36.82457, -1.24038, 1693],
          [36.8246, -1.24031, 1695],
          [36.8246, -1.24027, 1695],
          [36.82463, -1.2401, 1697],
          [36.82466, -1.24, 1698],
          [36.82466, -1.23996, 1698],
          [36.82467, -1.23991, 1697],
          [36.82469, -1.23985, 1698],
          [36.8247, -1.23981, 1698],
          [36.82471, -1.23978, 1698],
          [36.82473, -1.23975, 1698],
          [36.82474, -1.2397, 1697],
          [36.82475, -1.23964, 1697],
          [36.82476, -1.23961, 1697],
          [36.82479, -1.23956, 1697],
          [36.82479, -1.23953, 1697],
          [36.82481, -1.23949, 1698],
          [36.82484, -1.23931, 1698],
          [36.82488, -1.2392, 1698],
          [36.82489, -1.23917, 1698],
          [36.8249, -1.23914, 1698],
          [36.8249, -1.23909, 1699],
          [36.82492, -1.23903, 1699],
          [36.82493, -1.23898, 1699],
          [36.82493, -1.23894, 1699],
          [36.82494, -1.2389, 1700],
          [36.82496, -1.23887, 1700],
          [36.82497, -1.23882, 1700],
          [36.82497, -1.23881, 1700],
          [36.82497, -1.2388, 1700],
          [36.82496, -1.23878, 1700],
          [36.82497, -1.23876, 1700],
          [36.82497, -1.23874, 1700],
          [36.825, -1.23867, 1701],
          [36.825, -1.23864, 1701],
          [36.82501, -1.23862, 1701],
          [36.82501, -1.23859, 1701],
          [36.82502, -1.23858, 1701],
          [36.82504, -1.23856, 1701],
          [36.82505, -1.23853, 1701],
          [36.82507, -1.23843, 1701],
          [36.82508, -1.23842, 1701],
          [36.8251, -1.23826, 1701],
          [36.82513, -1.23816, 1700],
          [36.82514, -1.23812, 1700],
          [36.82515, -1.2381, 1700],
          [36.82516, -1.23807, 1700],
          [36.82517, -1.23802, 1700],
          [36.82519, -1.23796, 1700],
          [36.8252, -1.23788, 1700],
          [36.82522, -1.23783, 1700],
          [36.82523, -1.23778, 1700],
          [36.82524, -1.23773, 1700],
          [36.82525, -1.2377, 1700],
          [36.82526, -1.23766, 1700],
          [36.82528, -1.23761, 1700],
          [36.82529, -1.23755, 1700],
          [36.8253, -1.23749, 1700],
          [36.82531, -1.23744, 1700],
          [36.82535, -1.23735, 1700],
          [36.82536, -1.23729, 1700],
          [36.82537, -1.23725, 1700],
          [36.82537, -1.23722, 1700],
          [36.82538, -1.23719, 1700],
          [36.82538, -1.23718, 1700],
          [36.82538, -1.23717, 1700],
          [36.8254, -1.23712, 1700],
          [36.82539, -1.2371, 1700],
          [36.8254, -1.23707, 1699],
          [36.82544, -1.23695, 1699],
          [36.82545, -1.23688, 1698],
          [36.82546, -1.23684, 1698],
          [36.82546, -1.23679, 1698],
          [36.8255, -1.23664, 1697],
          [36.8255, -1.23661, 1697],
          [36.82552, -1.23658, 1697],
          [36.82553, -1.23654, 1697],
          [36.82554, -1.23647, 1697],
          [36.82555, -1.23641, 1697],
          [36.82556, -1.23638, 1698],
          [36.82558, -1.23634, 1697],
          [36.82559, -1.23632, 1697],
          [36.8256, -1.23629, 1697],
          [36.82561, -1.23626, 1697],
          [36.82562, -1.23621, 1697],
          [36.82563, -1.23613, 1697],
          [36.82565, -1.23607, 1696],
          [36.82565, -1.23604, 1696],
          [36.82567, -1.23598, 1695],
          [36.82568, -1.2359, 1694],
          [36.82569, -1.23587, 1693],
          [36.82569, -1.23577, 1693],
          [36.82571, -1.23566, 1692],
          [36.82569, -1.2356, 1692],
          [36.82568, -1.23557, 1692],
          [36.82566, -1.23555, 1692],
          [36.82562, -1.2355, 1692],
          [36.82562, -1.23548, 1692],
          [36.82561, -1.23546, 1692],
          [36.8256, -1.23545, 1692],
          [36.82559, -1.23543, 1692],
          [36.82557, -1.2354, 1691],
          [36.82555, -1.23535, 1691],
          [36.82546, -1.23519, 1690],
          [36.82532, -1.23496, 1687],
          [36.82522, -1.2348, 1686],
          [36.82517, -1.23474, 1686],
          [36.82516, -1.23472, 1685],
          [36.82515, -1.2347, 1685],
          [36.82513, -1.23468, 1685],
          [36.82513, -1.23467, 1685],
          [36.82512, -1.23465, 1685],
          [36.82507, -1.23456, 1684],
          [36.82504, -1.23447, 1683],
          [36.82502, -1.23444, 1683],
          [36.82498, -1.23437, 1682],
          [36.82497, -1.23435, 1682],
          [36.82498, -1.23428, 1681],
          [36.82501, -1.23426, 1681],
          [36.82503, -1.23426, 1681],
          [36.82512, -1.23428, 1681],
          [36.82519, -1.23431, 1681],
          [36.82527, -1.23434, 1680],
          [36.82532, -1.23437, 1680],
          [36.82534, -1.23439, 1681],
          [36.82535, -1.23439, 1680],
          [36.82538, -1.23441, 1680],
          [36.8254, -1.23442, 1680],
          [36.82541, -1.23442, 1680],
          [36.82543, -1.23443, 1680],
          [36.82548, -1.23445, 1680],
          [36.82555, -1.2345, 1680],
          [36.8256, -1.23451, 1680],
          [36.82565, -1.23454, 1679],
          [36.82571, -1.23457, 1679],
          [36.82576, -1.2346, 1678],
          [36.82578, -1.23461, 1678],
          [36.82581, -1.23462, 1677],
          [36.82592, -1.23465, 1675],
          [36.82602, -1.23471, 1673],
          [36.82604, -1.23472, 1673],
          [36.82609, -1.23473, 1672],
          [36.82613, -1.23475, 1672],
          [36.82615, -1.23476, 1672],
          [36.82618, -1.23476, 1671],
          [36.82622, -1.23476, 1670],
          [36.82623, -1.23476, 1670],
          [36.82626, -1.23471, 1668],
          [36.82629, -1.23464, 1668],
          [36.82631, -1.23453, 1669],
          [36.82634, -1.23445, 1669],
          [36.82638, -1.23439, 1669],
          [36.82641, -1.23435, 1669],
          [36.8264, -1.23434, 1670],
          [36.82636, -1.23432, 1670],
          [36.82628, -1.23417, 1672],
          [36.82629, -1.23414, 1672],
          [36.82628, -1.2341, 1672],
          [36.82627, -1.23406, 1672],
          [36.82627, -1.23403, 1672],
          [36.82627, -1.23401, 1672],
          [36.82628, -1.23397, 1672],
          [36.82628, -1.23396, 1672],
          [36.82628, -1.23388, 1672],
          [36.82627, -1.23384, 1672],
          [36.82627, -1.23368, 1673],
          [36.82628, -1.23365, 1673],
          [36.82628, -1.23358, 1674],
          [36.8263, -1.23354, 1674],
          [36.8263, -1.23347, 1676],
          [36.82633, -1.23336, 1678],
          [36.82633, -1.2333, 1679],
          [36.82635, -1.23324, 1680],
          [36.82635, -1.23321, 1681],
          [36.82632, -1.23317, 1681],
          [36.82632, -1.23312, 1682],
          [36.82633, -1.2331, 1682],
          [36.82634, -1.23308, 1683],
          [36.82635, -1.23306, 1683],
          [36.82638, -1.23303, 1684],
          [36.82641, -1.23297, 1686],
          [36.82643, -1.23289, 1688],
          [36.82646, -1.23283, 1689],
          [36.82647, -1.23273, 1690],
          [36.82648, -1.2327, 1690],
          [36.82649, -1.23267, 1690],
          [36.8265, -1.23263, 1690],
          [36.8265, -1.2326, 1690],
          [36.82652, -1.23256, 1690],
          [36.82652, -1.23252, 1690],
          [36.82654, -1.23249, 1691],
          [36.82654, -1.23246, 1690],
          [36.82657, -1.23241, 1690],
          [36.82661, -1.2323, 1690],
          [36.82661, -1.23228, 1690],
          [36.8266, -1.23224, 1689],
          [36.8266, -1.23223, 1689],
          [36.82658, -1.23219, 1689],
          [36.82654, -1.23216, 1689],
          [36.82647, -1.23213, 1689],
          [36.82643, -1.23211, 1689],
          [36.82635, -1.23208, 1689],
          [36.82632, -1.23206, 1689],
          [36.82623, -1.23202, 1689],
          [36.82618, -1.23202, 1689],
          [36.82614, -1.232, 1689],
          [36.82602, -1.23193, 1690],
          [36.82597, -1.23191, 1690],
          [36.82595, -1.23191, 1690],
          [36.82592, -1.23188, 1690],
          [36.82588, -1.23187, 1690],
          [36.82585, -1.23185, 1690],
          [36.82582, -1.23184, 1690],
          [36.8258, -1.23183, 1690],
          [36.82578, -1.23182, 1690],
          [36.82575, -1.23181, 1690],
          [36.82571, -1.23179, 1690],
          [36.82568, -1.23178, 1690],
          [36.82563, -1.23175, 1690],
          [36.82559, -1.23173, 1690],
          [36.82551, -1.23169, 1690],
          [36.82536, -1.23163, 1690],
          [36.82528, -1.2316, 1689],
          [36.82522, -1.23157, 1689],
          [36.82514, -1.23153, 1688],
          [36.82508, -1.2315, 1687],
          [36.82505, -1.23149, 1687],
          [36.825, -1.23147, 1687],
          [36.82493, -1.23143, 1687],
          [36.82472, -1.23133, 1685],
          [36.82465, -1.2313, 1685],
          [36.8246, -1.23127, 1685],
          [36.82454, -1.23124, 1685],
          [36.82448, -1.23121, 1685],
          [36.82442, -1.23118, 1684],
          [36.82429, -1.23112, 1683],
          [36.82421, -1.23108, 1682],
          [36.82416, -1.23105, 1682],
          [36.82412, -1.23103, 1682],
          [36.82406, -1.231, 1681],
          [36.82403, -1.231, 1681],
          [36.82401, -1.23099, 1681],
          [36.824, -1.23098, 1681],
          [36.82398, -1.23098, 1681],
          [36.82388, -1.23092, 1681],
          [36.8238, -1.23088, 1680],
          [36.82369, -1.23084, 1680],
          [36.82364, -1.23082, 1680],
          [36.82357, -1.23077, 1680],
          [36.82353, -1.23075, 1680],
          [36.82348, -1.23072, 1681],
          [36.82343, -1.2307, 1681],
          [36.82339, -1.23068, 1681],
          [36.82336, -1.23066, 1682],
          [36.82332, -1.23065, 1682],
          [36.82322, -1.23061, 1682],
          [36.8231, -1.23055, 1682],
          [36.82301, -1.23049, 1682],
          [36.82294, -1.23047, 1682],
          [36.82278, -1.23039, 1682],
          [36.82262, -1.23032, 1681],
          [36.82257, -1.23029, 1681],
          [36.82251, -1.23026, 1681],
          [36.82248, -1.23024, 1681],
          [36.82239, -1.23018, 1682],
          [36.8223, -1.23013, 1683],
          [36.82222, -1.2301, 1683],
          [36.82218, -1.23009, 1683],
          [36.82211, -1.23008, 1683],
          [36.82193, -1.23008, 1682],
          [36.82188, -1.23008, 1682],
          [36.82184, -1.23008, 1682],
          [36.82179, -1.23006, 1682],
          [36.82176, -1.23005, 1682],
          [36.82173, -1.23004, 1682],
          [36.82171, -1.23002, 1682],
          [36.82169, -1.23, 1682],
          [36.82165, -1.22997, 1683],
          [36.82156, -1.2299, 1684],
          [36.82153, -1.22987, 1685],
          [36.82146, -1.22983, 1685],
          [36.82143, -1.22981, 1686],
          [36.82133, -1.22973, 1686],
          [36.82126, -1.22967, 1686],
          [36.82123, -1.22965, 1686],
          [36.82121, -1.22963, 1686],
          [36.82118, -1.2296, 1686],
          [36.82115, -1.22957, 1686],
          [36.82112, -1.22953, 1686],
          [36.82108, -1.22949, 1686],
          [36.82102, -1.22943, 1687],
          [36.82097, -1.22939, 1687],
          [36.82091, -1.22934, 1688],
          [36.82088, -1.22931, 1688],
          [36.82077, -1.2292, 1689],
          [36.82071, -1.22914, 1689],
          [36.82065, -1.22909, 1690],
          [36.82063, -1.22908, 1690],
          [36.82059, -1.22907, 1690],
          [36.82056, -1.22907, 1690],
          [36.82053, -1.22909, 1690],
          [36.8205, -1.2291, 1690],
          [36.82047, -1.22911, 1690],
          [36.82045, -1.22913, 1690],
          [36.82041, -1.22916, 1690],
          [36.82038, -1.22919, 1690],
          [36.82036, -1.22921, 1690],
          [36.82035, -1.22922, 1690],
          [36.82035, -1.22923, 1690],
          [36.82032, -1.22926, 1690],
          [36.82023, -1.22936, 1690],
          [36.82018, -1.22942, 1690],
          [36.82014, -1.22946, 1691],
          [36.8201, -1.22949, 1691],
          [36.82006, -1.22955, 1691],
          [36.82005, -1.22956, 1691],
          [36.81999, -1.22963, 1691],
          [36.81991, -1.22971, 1691],
          [36.81981, -1.2298, 1690],
          [36.81974, -1.22985, 1689],
          [36.81973, -1.22986, 1689],
          [36.81971, -1.22988, 1689],
          [36.81968, -1.2299, 1689],
          [36.81963, -1.22993, 1688],
          [36.81958, -1.22997, 1688],
          [36.81956, -1.23, 1688],
          [36.81956, -1.23002, 1687],
          [36.81957, -1.23003, 1687],
          [36.8196, -1.23007, 1686],
          [36.81963, -1.2301, 1686],
          [36.81973, -1.23018, 1684],
          [36.81982, -1.23023, 1683],
          [36.81985, -1.23025, 1683],
          [36.81987, -1.23028, 1682],
          [36.81991, -1.23031, 1682],
          [36.81995, -1.23036, 1681],
          [36.81998, -1.23038, 1680],
          [36.82, -1.2304, 1680],
          [36.82004, -1.23044, 1680],
          [36.82005, -1.23045, 1679],
          [36.82009, -1.23049, 1679],
          [36.82014, -1.23054, 1678],
          [36.8202, -1.23059, 1678],
          [36.82023, -1.23062, 1677],
          [36.82029, -1.23065, 1677],
          [36.82031, -1.23065, 1677],
          [36.82034, -1.23064, 1678],
          [36.82039, -1.23064, 1678],
          [36.82044, -1.23062, 1679],
          [36.82046, -1.23061, 1680],
          [36.82048, -1.23059, 1681],
          [36.8205, -1.23059, 1681],
          [36.82052, -1.23058, 1681],
          [36.82055, -1.23057, 1682],
          [36.8206, -1.23054, 1682],
          [36.82068, -1.23054, 1681],
          [36.82074, -1.23055, 1681],
          [36.82079, -1.23057, 1680],
          [36.82081, -1.23059, 1679],
          [36.82083, -1.23061, 1679],
          [36.82084, -1.23065, 1679],
          [36.82083, -1.23069, 1679],
          [36.8208, -1.23075, 1678],
          [36.82072, -1.23083, 1677],
          [36.82069, -1.23085, 1677],
          [36.82067, -1.23086, 1676],
          [36.82061, -1.2309, 1676],
          [36.82059, -1.23093, 1676],
          [36.82059, -1.23094, 1676],
          [36.8206, -1.23096, 1677],
          [36.82062, -1.23099, 1677],
          [36.82065, -1.2311, 1678],
          [36.82067, -1.23112, 1678],
          [36.82069, -1.23115, 1678],
          [36.8208, -1.23117, 1679],
          [36.82081, -1.23117, 1679],
          [36.82088, -1.23119, 1679],
          [36.82091, -1.2312, 1679],
          [36.82094, -1.2312, 1679],
          [36.82099, -1.2312, 1679],
          [36.82104, -1.2312, 1679],
          [36.82112, -1.23122, 1679],
          [36.8212, -1.23123, 1680],
          [36.82129, -1.23126, 1681],
          [36.82147, -1.23134, 1684],
          [36.82159, -1.23141, 1686],
          [36.82164, -1.23143, 1686],
          [36.8217, -1.23146, 1687],
          [36.82173, -1.23148, 1687],
          [36.82174, -1.23148, 1687],
          [36.82175, -1.23149, 1687],
          [36.82177, -1.2315, 1687],
          [36.82179, -1.23151, 1687],
          [36.82181, -1.23153, 1688],
          [36.82186, -1.23157, 1688],
          [36.8219, -1.23159, 1688],
          [36.82195, -1.23161, 1688],
          [36.82201, -1.23165, 1689],
          [36.82205, -1.23166, 1689],
          [36.82207, -1.23167, 1689],
          [36.82211, -1.23171, 1689],
          [36.82218, -1.23175, 1689],
          [36.82225, -1.23183, 1689],
          [36.82228, -1.23184, 1689],
          [36.82231, -1.23188, 1689],
          [36.82238, -1.23196, 1689],
          [36.82241, -1.232, 1689],
          [36.82243, -1.23202, 1689],
          [36.82244, -1.23203, 1689],
          [36.82247, -1.23205, 1689],
          [36.8225, -1.23209, 1689],
          [36.82252, -1.23213, 1689],
          [36.82254, -1.23216, 1689],
          [36.82255, -1.23218, 1689],
          [36.82257, -1.23222, 1688],
          [36.8226, -1.23227, 1689],
          [36.82262, -1.23231, 1689],
          [36.82264, -1.23237, 1689],
          [36.82264, -1.23238, 1689],
          [36.82266, -1.23242, 1689],
          [36.82269, -1.23249, 1690],
          [36.8227, -1.23256, 1691],
          [36.82271, -1.23256, 1691],
          [36.82271, -1.23268, 1693],
          [36.82273, -1.23275, 1694],
          [36.82273, -1.23278, 1695],
          [36.82274, -1.23283, 1695],
          [36.82275, -1.23285, 1696],
          [36.82275, -1.23286, 1696],
          [36.82276, -1.2329, 1696],
          [36.82276, -1.23295, 1697],
          [36.82277, -1.23301, 1698],
          [36.82278, -1.23314, 1698],
          [36.82277, -1.23317, 1698],
          [36.82277, -1.23323, 1698],
          [36.82275, -1.23332, 1698],
          [36.82275, -1.23338, 1697],
          [36.82271, -1.23349, 1697],
          [36.82267, -1.23356, 1697],
          [36.82264, -1.23359, 1697],
          [36.82262, -1.23361, 1697],
          [36.8226, -1.23364, 1697],
          [36.82255, -1.23367, 1698],
          [36.82249, -1.23371, 1699],
          [36.82236, -1.23377, 1699],
          [36.8222, -1.23385, 1700],
          [36.82217, -1.23386, 1700],
          [36.82214, -1.23388, 1700],
          [36.82211, -1.23389, 1700],
          [36.82198, -1.23399, 1700],
          [36.82195, -1.23404, 1700],
          [36.8219, -1.23408, 1700],
          [36.82186, -1.23412, 1700],
          [36.82183, -1.23416, 1700],
          [36.82179, -1.23419, 1700],
          [36.82176, -1.23422, 1700],
          [36.82172, -1.23425, 1700],
          [36.82167, -1.2343, 1700],
          [36.82162, -1.23437, 1701],
          [36.82157, -1.23442, 1701],
          [36.82153, -1.23446, 1701],
          [36.82152, -1.23449, 1701],
          [36.82145, -1.23458, 1702],
          [36.82137, -1.23472, 1703],
          [36.82135, -1.23479, 1703],
          [36.82132, -1.23486, 1703],
          [36.8213, -1.23493, 1704],
          [36.82129, -1.23499, 1704],
          [36.82127, -1.23506, 1704],
          [36.82123, -1.23513, 1704],
          [36.8212, -1.23524, 1705],
          [36.82115, -1.23537, 1705],
          [36.82114, -1.2354, 1705],
          [36.82112, -1.23543, 1705],
          [36.82111, -1.23546, 1705],
          [36.82109, -1.2355, 1705],
          [36.82104, -1.23561, 1704],
          [36.821, -1.23568, 1704],
          [36.82095, -1.23576, 1703],
          [36.82092, -1.23581, 1703],
          [36.82089, -1.23587, 1702],
          [36.82082, -1.23597, 1701],
          [36.82079, -1.23601, 1701],
          [36.82078, -1.23605, 1701],
          [36.82076, -1.23608, 1701],
          [36.82073, -1.23613, 1701],
          [36.82067, -1.2362, 1701],
          [36.82065, -1.23625, 1701],
          [36.82059, -1.23633, 1701],
          [36.82056, -1.23638, 1701],
          [36.82054, -1.23642, 1701],
          [36.82052, -1.23646, 1701],
          [36.82049, -1.2365, 1701],
          [36.82048, -1.23652, 1701],
          [36.82043, -1.23658, 1701],
          [36.82037, -1.23667, 1701],
          [36.82034, -1.23672, 1701],
          [36.82027, -1.2368, 1702],
          [36.82023, -1.23686, 1702],
          [36.82017, -1.23692, 1702],
          [36.82013, -1.23698, 1702],
          [36.82006, -1.23707, 1702],
          [36.82001, -1.23715, 1702],
          [36.81997, -1.2372, 1702],
          [36.81995, -1.23724, 1702],
          [36.81992, -1.23728, 1701],
          [36.81988, -1.23735, 1701],
          [36.81984, -1.23738, 1701],
          [36.81981, -1.23742, 1700],
          [36.81971, -1.23754, 1700],
          [36.81967, -1.2376, 1699],
          [36.81965, -1.23764, 1699],
          [36.81962, -1.23768, 1699],
          [36.81958, -1.23775, 1699],
          [36.81954, -1.23783, 1699],
          [36.81951, -1.23788, 1699],
          [36.8195, -1.23791, 1698],
          [36.81949, -1.23794, 1698],
          [36.81948, -1.23797, 1698],
          [36.81947, -1.23799, 1698],
          [36.81947, -1.23801, 1698],
          [36.81947, -1.23804, 1698],
          [36.81947, -1.23805, 1698],
          [36.81944, -1.23815, 1697],
          [36.81941, -1.23824, 1697],
          [36.81941, -1.23827, 1697],
          [36.81939, -1.23832, 1697],
          [36.81939, -1.23842, 1697],
          [36.81936, -1.23853, 1696],
          [36.81936, -1.23857, 1696],
          [36.81936, -1.23862, 1696],
          [36.81938, -1.23865, 1695],
          [36.81938, -1.23867, 1695],
          [36.8194, -1.23871, 1695],
          [36.81942, -1.23874, 1694],
          [36.81945, -1.23882, 1693],
          [36.81946, -1.23884, 1693],
          [36.81948, -1.2389, 1693],
          [36.81951, -1.23895, 1693],
          [36.81952, -1.23899, 1693],
          [36.81953, -1.23907, 1692],
          [36.81954, -1.23916, 1692],
          [36.81954, -1.23923, 1691],
          [36.81954, -1.2393, 1691],
          [36.81954, -1.23938, 1690],
          [36.81953, -1.23948, 1689],
          [36.81951, -1.23956, 1689],
          [36.81951, -1.2396, 1689],
          [36.8195, -1.23963, 1689],
          [36.8195, -1.23967, 1689],
          [36.81949, -1.2397, 1689],
          [36.81949, -1.23972, 1689],
          [36.81948, -1.23977, 1689],
          [36.81947, -1.23982, 1689],
          [36.81946, -1.23988, 1689],
          [36.81945, -1.23991, 1689],
          [36.81945, -1.23994, 1689],
          [36.8194, -1.24014, 1688],
          [36.81939, -1.24022, 1687],
          [36.81937, -1.24028, 1687],
          [36.81937, -1.24032, 1687],
          [36.81935, -1.2404, 1687],
          [36.81933, -1.24045, 1687],
          [36.8193, -1.24052, 1687],
          [36.81928, -1.24056, 1687],
          [36.81927, -1.2406, 1687],
          [36.81926, -1.24062, 1687],
          [36.81924, -1.24066, 1687],
          [36.81921, -1.24072, 1688],
          [36.8192, -1.24076, 1688],
          [36.81916, -1.24082, 1688],
          [36.81913, -1.24084, 1688],
          [36.81913, -1.24085, 1689],
          [36.81912, -1.24087, 1689],
          [36.81911, -1.24089, 1689],
          [36.81907, -1.24094, 1689],
          [36.81907, -1.24095, 1689],
          [36.819, -1.241, 1690],
          [36.81894, -1.24105, 1690],
          [36.81887, -1.24109, 1690],
          [36.81881, -1.24114, 1691],
          [36.81878, -1.24116, 1691],
          [36.81873, -1.2412, 1691],
          [36.81867, -1.24122, 1691],
          [36.81865, -1.24122, 1691],
          [36.81858, -1.24126, 1691],
          [36.81853, -1.24127, 1691],
          [36.81849, -1.24129, 1691],
          [36.81845, -1.2413, 1692],
          [36.81841, -1.24132, 1692],
          [36.81837, -1.24134, 1692],
          [36.8183, -1.24136, 1692],
          [36.81826, -1.24137, 1692],
          [36.81822, -1.24139, 1692],
          [36.81812, -1.24141, 1692],
          [36.81805, -1.24142, 1692],
          [36.81794, -1.24144, 1692],
          [36.81782, -1.24148, 1692],
          [36.81779, -1.24149, 1692],
          [36.8176, -1.24158, 1691],
          [36.81745, -1.24168, 1691],
          [36.8173, -1.24182, 1691],
          [36.81727, -1.24184, 1691],
          [36.81721, -1.2419, 1691],
          [36.81719, -1.24192, 1691],
          [36.81714, -1.24197, 1691],
          [36.81711, -1.242, 1691],
          [36.8171, -1.24201, 1691],
          [36.81709, -1.24202, 1691],
          [36.81696, -1.24216, 1691],
          [36.81669, -1.24248, 1692],
          [36.81659, -1.2426, 1694],
          [36.81655, -1.24266, 1694],
          [36.81652, -1.2427, 1694],
          [36.81649, -1.24274, 1695],
          [36.81645, -1.24278, 1695],
          [36.8164, -1.24283, 1696],
          [36.81624, -1.24305, 1695],
          [36.81622, -1.24309, 1695],
          [36.81619, -1.24312, 1695],
          [36.81615, -1.24317, 1696],
          [36.81609, -1.24323, 1697],
          [36.81603, -1.2433, 1697],
          [36.81598, -1.24336, 1698],
          [36.81595, -1.24339, 1698],
          [36.81592, -1.24343, 1698],
          [36.81586, -1.24348, 1699],
          [36.8158, -1.24354, 1699],
          [36.81575, -1.24358, 1698],
          [36.81569, -1.24362, 1697],
          [36.81566, -1.24364, 1696],
          [36.81557, -1.24371, 1695],
          [36.81556, -1.24372, 1695],
          [36.81556, -1.24375, 1695],
          [36.81554, -1.24377, 1694],
          [36.81554, -1.24379, 1694],
          [36.81557, -1.24383, 1695],
          [36.81558, -1.24387, 1695],
          [36.8156, -1.2439, 1695],
          [36.81563, -1.24398, 1697],
          [36.81566, -1.24403, 1698],
          [36.81567, -1.24405, 1698],
          [36.81568, -1.24407, 1699],
          [36.81569, -1.24409, 1699],
          [36.81572, -1.24414, 1700],
          [36.81577, -1.24422, 1702],
          [36.81578, -1.24423, 1702],
          [36.81579, -1.24426, 1701],
          [36.81583, -1.24431, 1702],
          [36.81588, -1.24439, 1701],
          [36.81591, -1.24443, 1700],
          [36.81596, -1.24452, 1698],
          [36.81598, -1.24454, 1698],
          [36.81603, -1.24463, 1697],
          [36.81612, -1.24475, 1698],
          [36.81613, -1.24478, 1698],
          [36.81615, -1.2448, 1698],
          [36.81617, -1.24484, 1698],
          [36.81621, -1.2449, 1697],
          [36.81628, -1.24498, 1697],
          [36.8163, -1.24503, 1697],
          [36.81636, -1.2451, 1697],
          [36.8164, -1.24516, 1697],
          [36.81642, -1.24521, 1697],
          [36.81645, -1.24526, 1697],
          [36.81649, -1.24532, 1696],
          [36.8165, -1.24534, 1696],
          [36.81652, -1.24537, 1695],
          [36.81655, -1.24541, 1695],
          [36.81661, -1.24549, 1693],
          [36.81664, -1.24554, 1693],
          [36.81666, -1.24557, 1693],
          [36.81666, -1.24558, 1693],
          [36.81674, -1.2457, 1694],
          [36.81685, -1.24587, 1693],
          [36.817, -1.2461, 1692],
          [36.81702, -1.24613, 1692],
          [36.81716, -1.24634, 1689],
          [36.81723, -1.24642, 1688],
          [36.81725, -1.24646, 1687],
          [36.81728, -1.24649, 1686],
          [36.81736, -1.2466, 1684],
          [36.81739, -1.24666, 1683],
          [36.81741, -1.2467, 1682],
          [36.81741, -1.24671, 1682],
          [36.81744, -1.24674, 1681],
          [36.81744, -1.24677, 1681],
          [36.81746, -1.2468, 1680],
          [36.81747, -1.24682, 1680],
          [36.81749, -1.24683, 1680],
          [36.8175, -1.24684, 1680],
          [36.8175, -1.24686, 1680],
          [36.81752, -1.24689, 1679],
          [36.81755, -1.24694, 1679],
          [36.81762, -1.24708, 1675],
          [36.81764, -1.24711, 1675],
          [36.81765, -1.24715, 1674],
          [36.81766, -1.2472, 1673],
          [36.81766, -1.24724, 1672],
          [36.81765, -1.24728, 1671],
          [36.81765, -1.24729, 1671],
          [36.81762, -1.2473, 1671],
          [36.81759, -1.24731, 1671],
          [36.81757, -1.24732, 1671],
          [36.81753, -1.24733, 1670],
          [36.81742, -1.24732, 1670],
          [36.81727, -1.24732, 1669]
        ]
      }
    },
    {
      "type": "Feature",
      "id": "alltrails-sykes-monkey-family-olive-path-and-lake-trail",
      "properties": {
        "slug": "alltrails-sykes-monkey-family-olive-path-and-lake-trail",
        "name": "Sykes' Monkey - Family - Olive Path and Lake Trail",
        "source": "alltrails",
        "geometrySource": "alltrails",
        "vertexCount": 331,
        "alltrails": {
          "desc": "Generated by AllTrails https://www.alltrails.com/",
          "sourceFile": "Sykes_Monkey__Family__Olive_Path_and_Lake_Trail.geojson"
        }
      },
      "geometry": {
        "type": "LineString",
        "coordinates": [
          [36.81867, -1.24131, 1691],
          [36.81863, -1.24121, 1691],
          [36.81868, -1.24118, 1691],
          [36.81883, -1.24108, 1690],
          [36.81908, -1.24088, 1689],
          [36.8191, -1.24082, 1688],
          [36.81918, -1.24079, 1688],
          [36.81924, -1.24065, 1687],
          [36.81935, -1.24025, 1687],
          [36.81944, -1.23995, 1689],
          [36.81948, -1.2396, 1689],
          [36.81951, -1.23944, 1690],
          [36.81953, -1.23922, 1691],
          [36.81953, -1.23909, 1692],
          [36.8195, -1.23897, 1693],
          [36.81935, -1.23861, 1696],
          [36.81935, -1.23851, 1696],
          [36.81938, -1.23836, 1697],
          [36.81944, -1.23806, 1698],
          [36.81951, -1.23789, 1698],
          [36.81962, -1.2377, 1699],
          [36.81966, -1.23762, 1699],
          [36.8198, -1.23745, 1700],
          [36.81993, -1.23727, 1701],
          [36.82002, -1.2371, 1702],
          [36.82016, -1.23691, 1702],
          [36.82026, -1.23674, 1702],
          [36.82035, -1.23659, 1701],
          [36.82045, -1.23647, 1701],
          [36.82058, -1.23624, 1701],
          [36.8207, -1.2361, 1701],
          [36.82076, -1.23603, 1701],
          [36.82088, -1.23583, 1703],
          [36.82096, -1.2357, 1704],
          [36.82106, -1.23555, 1705],
          [36.82124, -1.23508, 1704],
          [36.82133, -1.23485, 1703],
          [36.82136, -1.23475, 1703],
          [36.82143, -1.2346, 1702],
          [36.82161, -1.23438, 1701],
          [36.82182, -1.23414, 1700],
          [36.82191, -1.23404, 1700],
          [36.82229, -1.23378, 1699],
          [36.82268, -1.23351, 1697],
          [36.82274, -1.23334, 1698],
          [36.82274, -1.23325, 1698],
          [36.82276, -1.2331, 1698],
          [36.82276, -1.23294, 1697],
          [36.82272, -1.2328, 1695],
          [36.82271, -1.2327, 1693],
          [36.82268, -1.23262, 1692],
          [36.82266, -1.23247, 1690],
          [36.82261, -1.23234, 1689],
          [36.8226, -1.2323, 1689],
          [36.82255, -1.23217, 1688],
          [36.82245, -1.23206, 1689],
          [36.8224, -1.23202, 1690],
          [36.82224, -1.23185, 1690],
          [36.8222, -1.23183, 1690],
          [36.82208, -1.23169, 1689],
          [36.82191, -1.23161, 1689],
          [36.82184, -1.23157, 1688],
          [36.82176, -1.23151, 1688],
          [36.82192, -1.23152, 1687],
          [36.82201, -1.23156, 1687],
          [36.8221, -1.23161, 1687],
          [36.82239, -1.23169, 1687],
          [36.82258, -1.23182, 1686],
          [36.82266, -1.23189, 1684],
          [36.82291, -1.23204, 1682],
          [36.82295, -1.23208, 1682],
          [36.82309, -1.23216, 1682],
          [36.82322, -1.23227, 1683],
          [36.8233, -1.23237, 1685],
          [36.82341, -1.23254, 1686],
          [36.82346, -1.23264, 1688],
          [36.82356, -1.23278, 1688],
          [36.82364, -1.2329, 1687],
          [36.82393, -1.23326, 1682],
          [36.82414, -1.2335, 1678],
          [36.82422, -1.23355, 1677],
          [36.82433, -1.23364, 1678],
          [36.82438, -1.23366, 1677],
          [36.82439, -1.2337, 1677],
          [36.82445, -1.23375, 1677],
          [36.82452, -1.23379, 1677],
          [36.82459, -1.23385, 1677],
          [36.82471, -1.23396, 1677],
          [36.82478, -1.23403, 1677],
          [36.82484, -1.2341, 1678],
          [36.82488, -1.23417, 1679],
          [36.82494, -1.23423, 1680],
          [36.82503, -1.23426, 1681],
          [36.82523, -1.23431, 1680],
          [36.82544, -1.2344, 1680],
          [36.82562, -1.23452, 1680],
          [36.82591, -1.23466, 1676],
          [36.82616, -1.23476, 1672],
          [36.82623, -1.23476, 1670],
          [36.82626, -1.23471, 1668],
          [36.82629, -1.23464, 1668],
          [36.82636, -1.23472, 1666],
          [36.82653, -1.23484, 1668],
          [36.82693, -1.23507, 1671],
          [36.82713, -1.23526, 1672],
          [36.82737, -1.23546, 1672],
          [36.82758, -1.23567, 1673],
          [36.82775, -1.2358, 1672],
          [36.828, -1.23595, 1673],
          [36.82827, -1.23618, 1673],
          [36.82853, -1.23642, 1669],
          [36.82864, -1.23655, 1669],
          [36.82867, -1.23667, 1670],
          [36.82885, -1.2368, 1670],
          [36.82909, -1.23696, 1672],
          [36.82926, -1.23704, 1672],
          [36.82939, -1.23709, 1671],
          [36.82957, -1.23713, 1670],
          [36.82967, -1.23714, 1669],
          [36.82982, -1.23713, 1668],
          [36.82996, -1.23715, 1668],
          [36.8301, -1.23717, 1668],
          [36.83062, -1.23731, 1671],
          [36.83134, -1.23741, 1669],
          [36.83147, -1.23747, 1669],
          [36.83184, -1.23759, 1667],
          [36.83228, -1.23776, 1663],
          [36.83257, -1.23789, 1663],
          [36.83268, -1.23791, 1662],
          [36.83303, -1.23809, 1663],
          [36.83341, -1.23822, 1664],
          [36.83351, -1.23821, 1663],
          [36.83384, -1.23826, 1660],
          [36.8343, -1.23824, 1658],
          [36.83455, -1.2383, 1660],
          [36.83487, -1.23834, 1660],
          [36.83512, -1.23836, 1657],
          [36.83529, -1.2384, 1655],
          [36.8356, -1.23852, 1656],
          [36.83579, -1.23862, 1656],
          [36.83612, -1.23876, 1655],
          [36.83649, -1.23899, 1659],
          [36.83666, -1.23912, 1660],
          [36.8367, -1.23917, 1660],
          [36.83711, -1.23957, 1661],
          [36.83756, -1.23993, 1657],
          [36.83761, -1.23998, 1656],
          [36.83779, -1.2401, 1654],
          [36.83793, -1.24012, 1653],
          [36.83804, -1.24012, 1652],
          [36.83832, -1.24007, 1653],
          [36.83852, -1.23999, 1655],
          [36.83873, -1.23996, 1657],
          [36.83881, -1.23995, 1658],
          [36.8391, -1.23996, 1658],
          [36.83942, -1.23999, 1656],
          [36.8398, -1.24019, 1654],
          [36.83996, -1.24028, 1654],
          [36.84007, -1.24037, 1654],
          [36.84016, -1.24042, 1654],
          [36.84024, -1.24049, 1655],
          [36.84056, -1.24066, 1654],
          [36.84076, -1.24074, 1652],
          [36.8409, -1.24076, 1650],
          [36.84107, -1.24082, 1647],
          [36.84128, -1.24097, 1646],
          [36.84147, -1.24124, 1646],
          [36.84144, -1.24155, 1647],
          [36.84151, -1.24168, 1646],
          [36.84154, -1.24191, 1646],
          [36.8416, -1.2421, 1645],
          [36.84166, -1.24227, 1645],
          [36.84173, -1.24244, 1643],
          [36.84147, -1.24403, 1655],
          [36.8414, -1.24419, 1656],
          [36.84135, -1.2443, 1656],
          [36.84126, -1.24439, 1657],
          [36.84101, -1.24456, 1658],
          [36.84011, -1.24489, 1662],
          [36.83992, -1.24485, 1661],
          [36.83977, -1.24448, 1662],
          [36.83968, -1.24425, 1664],
          [36.83938, -1.24363, 1668],
          [36.8393, -1.24343, 1671],
          [36.83918, -1.24365, 1668],
          [36.8391, -1.24386, 1667],
          [36.83902, -1.2441, 1666],
          [36.83885, -1.24447, 1664],
          [36.83874, -1.24474, 1665],
          [36.83853, -1.24527, 1662],
          [36.83846, -1.24549, 1664],
          [36.83839, -1.24574, 1664],
          [36.83829, -1.24592, 1665],
          [36.83754, -1.24517, 1670],
          [36.83733, -1.24478, 1672],
          [36.83715, -1.24435, 1675],
          [36.83716, -1.24416, 1676],
          [36.83687, -1.24403, 1675],
          [36.83671, -1.24395, 1675],
          [36.836, -1.24407, 1682],
          [36.83565, -1.24391, 1680],
          [36.83565, -1.24392, 1680],
          [36.83529, -1.24375, 1676],
          [36.83536, -1.24386, 1677],
          [36.83536, -1.24389, 1677],
          [36.83537, -1.24414, 1677],
          [36.83548, -1.24456, 1681],
          [36.8356, -1.24478, 1685],
          [36.8357, -1.24501, 1686],
          [36.83581, -1.24515, 1685],
          [36.83584, -1.24529, 1685],
          [36.83596, -1.24559, 1683],
          [36.83597, -1.24566, 1683],
          [36.83602, -1.24575, 1682],
          [36.83606, -1.24581, 1682],
          [36.83623, -1.24594, 1680],
          [36.83629, -1.24603, 1679],
          [36.83656, -1.24621, 1676],
          [36.83675, -1.24631, 1674],
          [36.83686, -1.2464, 1675],
          [36.837, -1.24656, 1677],
          [36.83708, -1.24664, 1677],
          [36.83711, -1.24665, 1677],
          [36.83717, -1.24674, 1677],
          [36.8372, -1.24676, 1677],
          [36.8373, -1.24687, 1676],
          [36.83735, -1.24696, 1676],
          [36.83745, -1.24706, 1673],
          [36.83753, -1.24722, 1671],
          [36.83753, -1.24732, 1670],
          [36.83748, -1.24742, 1670],
          [36.83745, -1.24744, 1670],
          [36.83734, -1.24752, 1672],
          [36.83727, -1.24755, 1673],
          [36.83699, -1.24762, 1672],
          [36.83688, -1.24762, 1671],
          [36.83674, -1.24758, 1669],
          [36.83526, -1.24678, 1672],
          [36.83508, -1.2467, 1670],
          [36.83453, -1.24648, 1671],
          [36.83432, -1.24643, 1671],
          [36.8342, -1.24648, 1668],
          [36.83397, -1.24664, 1662],
          [36.83371, -1.24687, 1658],
          [36.83354, -1.24704, 1654],
          [36.8334, -1.24721, 1652],
          [36.83335, -1.24722, 1652],
          [36.83291, -1.24726, 1651],
          [36.83234, -1.24725, 1648],
          [36.83195, -1.24742, 1647],
          [36.83125, -1.24777, 1649],
          [36.8307, -1.24784, 1650],
          [36.83047, -1.24794, 1648],
          [36.83035, -1.248, 1647],
          [36.83001, -1.24811, 1645],
          [36.82951, -1.24833, 1644],
          [36.82886, -1.24848, 1652],
          [36.82841, -1.24857, 1657],
          [36.82816, -1.24865, 1656],
          [36.82771, -1.24876, 1657],
          [36.82722, -1.24876, 1658],
          [36.82697, -1.24889, 1655],
          [36.82671, -1.249, 1656],
          [36.82638, -1.24909, 1658],
          [36.82615, -1.24906, 1658],
          [36.82581, -1.24898, 1656],
          [36.82538, -1.24879, 1657],
          [36.82523, -1.24859, 1659],
          [36.82487, -1.24841, 1657],
          [36.82453, -1.2483, 1655],
          [36.82403, -1.2482, 1659],
          [36.82374, -1.24811, 1660],
          [36.8234, -1.24797, 1663],
          [36.82311, -1.24783, 1666],
          [36.82286, -1.24762, 1668],
          [36.82257, -1.24741, 1668],
          [36.82223, -1.24722, 1667],
          [36.82196, -1.24708, 1665],
          [36.8216, -1.24694, 1667],
          [36.82126, -1.24675, 1665],
          [36.82079, -1.24664, 1671],
          [36.82053, -1.24663, 1673],
          [36.82023, -1.24669, 1669],
          [36.8197, -1.2466, 1674],
          [36.81943, -1.24663, 1673],
          [36.81918, -1.24676, 1671],
          [36.81873, -1.24685, 1672],
          [36.81838, -1.24694, 1677],
          [36.8181, -1.24705, 1678],
          [36.81786, -1.24716, 1675],
          [36.81773, -1.24723, 1672],
          [36.81767, -1.24726, 1672],
          [36.81769, -1.24723, 1672],
          [36.81755, -1.24694, 1679],
          [36.81725, -1.24646, 1687],
          [36.81738, -1.24621, 1690],
          [36.81758, -1.24592, 1694],
          [36.81808, -1.24504, 1697],
          [36.81838, -1.24451, 1695],
          [36.81859, -1.24408, 1693],
          [36.81866, -1.24397, 1693],
          [36.81869, -1.24394, 1693],
          [36.8187, -1.24385, 1692],
          [36.81868, -1.24376, 1691],
          [36.81838, -1.24366, 1690],
          [36.81823, -1.24359, 1689],
          [36.81806, -1.24356, 1689],
          [36.81796, -1.24354, 1689],
          [36.81776, -1.24349, 1689],
          [36.81761, -1.24347, 1689],
          [36.8175, -1.24345, 1688],
          [36.81735, -1.24341, 1687],
          [36.81723, -1.24335, 1686],
          [36.81712, -1.24327, 1686],
          [36.81701, -1.24319, 1687],
          [36.81686, -1.24304, 1689],
          [36.81675, -1.24293, 1690],
          [36.81666, -1.24283, 1691],
          [36.81653, -1.24269, 1694],
          [36.81659, -1.2426, 1694],
          [36.81665, -1.24253, 1693],
          [36.81696, -1.24216, 1691],
          [36.81721, -1.2419, 1691],
          [36.81745, -1.24168, 1691],
          [36.8176, -1.24158, 1691],
          [36.81779, -1.24149, 1692],
          [36.81796, -1.24144, 1692],
          [36.81808, -1.2414, 1692],
          [36.81852, -1.24126, 1691],
          [36.81863, -1.24121, 1691],
          [36.81867, -1.24131, 1691]
        ]
      }
    },
    {
      "type": "Feature",
      "id": "alltrails-sykes-monkey-and-fike-bikeshare-trail",
      "properties": {
        "slug": "alltrails-sykes-monkey-and-fike-bikeshare-trail",
        "name": "Sykes' Monkey and Fike Bikeshare Trail",
        "source": "alltrails",
        "geometrySource": "alltrails",
        "vertexCount": 1334,
        "alltrails": {
          "desc": "Generated by AllTrails https://www.alltrails.com/",
          "sourceFile": "Sykes_Monkey_and_Fike_Bikeshare_Trail.geojson"
        }
      },
      "geometry": {
        "type": "LineString",
        "coordinates": [
          [36.81752, -1.23819, 1691],
          [36.81761, -1.2383, 1690],
          [36.81774, -1.23843, 1689],
          [36.81786, -1.23865, 1689],
          [36.81793, -1.23874, 1690],
          [36.81802, -1.23882, 1690],
          [36.81809, -1.23886, 1690],
          [36.81813, -1.23888, 1690],
          [36.81817, -1.2389, 1691],
          [36.81821, -1.23892, 1690],
          [36.81825, -1.23896, 1690],
          [36.81826, -1.23901, 1690],
          [36.81826, -1.23907, 1690],
          [36.81825, -1.23913, 1690],
          [36.81823, -1.23916, 1690],
          [36.81816, -1.23928, 1691],
          [36.81812, -1.23939, 1691],
          [36.81807, -1.23949, 1692],
          [36.81805, -1.23956, 1692],
          [36.81805, -1.23958, 1692],
          [36.81804, -1.23961, 1692],
          [36.81803, -1.23964, 1692],
          [36.81802, -1.23969, 1692],
          [36.81801, -1.23977, 1693],
          [36.818, -1.23981, 1693],
          [36.818, -1.23994, 1693],
          [36.81801, -1.24001, 1693],
          [36.81805, -1.24011, 1693],
          [36.81811, -1.24018, 1693],
          [36.81813, -1.24022, 1693],
          [36.8182, -1.2403, 1692],
          [36.81825, -1.24036, 1692],
          [36.81828, -1.24041, 1691],
          [36.81829, -1.24044, 1691],
          [36.8183, -1.24047, 1691],
          [36.81831, -1.24051, 1690],
          [36.81833, -1.24055, 1690],
          [36.81835, -1.24056, 1689],
          [36.81839, -1.24061, 1689],
          [36.81845, -1.24065, 1689],
          [36.81853, -1.24069, 1688],
          [36.81858, -1.24069, 1687],
          [36.81862, -1.2407, 1687],
          [36.81865, -1.2407, 1687],
          [36.81871, -1.24072, 1687],
          [36.81883, -1.24072, 1686],
          [36.81885, -1.24073, 1686],
          [36.81888, -1.24073, 1686],
          [36.81891, -1.24074, 1687],
          [36.81892, -1.24074, 1687],
          [36.81896, -1.24075, 1687],
          [36.819, -1.24076, 1687],
          [36.81904, -1.24077, 1687],
          [36.81907, -1.24079, 1688],
          [36.81909, -1.24081, 1688],
          [36.81911, -1.24081, 1688],
          [36.81914, -1.24082, 1688],
          [36.81917, -1.2408, 1688],
          [36.81919, -1.24077, 1688],
          [36.81919, -1.24075, 1688],
          [36.81922, -1.24067, 1687],
          [36.81929, -1.24052, 1687],
          [36.81936, -1.24036, 1687],
          [36.81939, -1.24021, 1687],
          [36.81939, -1.2402, 1688],
          [36.81941, -1.24014, 1688],
          [36.81942, -1.24009, 1689],
          [36.81942, -1.24005, 1689],
          [36.81943, -1.23998, 1689],
          [36.81945, -1.23989, 1689],
          [36.81948, -1.23975, 1689],
          [36.81949, -1.23969, 1689],
          [36.8195, -1.2396, 1689],
          [36.81951, -1.23956, 1689],
          [36.81951, -1.23951, 1689],
          [36.81953, -1.23941, 1690],
          [36.81953, -1.23935, 1690],
          [36.81954, -1.23928, 1691],
          [36.81954, -1.23921, 1691],
          [36.81954, -1.23914, 1692],
          [36.81952, -1.23907, 1692],
          [36.8195, -1.23899, 1693],
          [36.81949, -1.23894, 1693],
          [36.81942, -1.23877, 1694],
          [36.8194, -1.23873, 1694],
          [36.81937, -1.23865, 1695],
          [36.81936, -1.23861, 1696],
          [36.81936, -1.23853, 1696],
          [36.81938, -1.23843, 1697],
          [36.81938, -1.23837, 1697],
          [36.8194, -1.23832, 1697],
          [36.8194, -1.23827, 1697],
          [36.81941, -1.23823, 1697],
          [36.81942, -1.23818, 1697],
          [36.81942, -1.23813, 1697],
          [36.81943, -1.2381, 1697],
          [36.81944, -1.23804, 1698],
          [36.81945, -1.23801, 1698],
          [36.81945, -1.23798, 1698],
          [36.81947, -1.23792, 1698],
          [36.8195, -1.23788, 1698],
          [36.81952, -1.23783, 1699],
          [36.81958, -1.23773, 1699],
          [36.8196, -1.23769, 1699],
          [36.81963, -1.23765, 1699],
          [36.81968, -1.23758, 1699],
          [36.81972, -1.23753, 1700],
          [36.81977, -1.23747, 1700],
          [36.8198, -1.23742, 1700],
          [36.81985, -1.23736, 1701],
          [36.81987, -1.23734, 1701],
          [36.81988, -1.23732, 1701],
          [36.81989, -1.2373, 1701],
          [36.81992, -1.23727, 1701],
          [36.81994, -1.23723, 1701],
          [36.82002, -1.23712, 1702],
          [36.82004, -1.23708, 1702],
          [36.82006, -1.23704, 1702],
          [36.8201, -1.23701, 1702],
          [36.82018, -1.2369, 1702],
          [36.82023, -1.23684, 1702],
          [36.82028, -1.23678, 1702],
          [36.82029, -1.23677, 1702],
          [36.82034, -1.23669, 1701],
          [36.82043, -1.23656, 1701],
          [36.82048, -1.23649, 1701],
          [36.82052, -1.23642, 1701],
          [36.8206, -1.23631, 1701],
          [36.82063, -1.23626, 1701],
          [36.82072, -1.23612, 1701],
          [36.82077, -1.23604, 1701],
          [36.82082, -1.23597, 1701],
          [36.82086, -1.2359, 1702],
          [36.82091, -1.23582, 1703],
          [36.82093, -1.23579, 1703],
          [36.821, -1.23566, 1704],
          [36.82107, -1.23555, 1705],
          [36.82115, -1.23538, 1705],
          [36.82117, -1.23531, 1705],
          [36.82119, -1.23525, 1705],
          [36.82122, -1.23519, 1704],
          [36.82124, -1.23513, 1704],
          [36.82126, -1.23507, 1704],
          [36.82131, -1.2349, 1704],
          [36.82133, -1.23484, 1703],
          [36.82144, -1.23462, 1702],
          [36.82152, -1.23448, 1701],
          [36.82155, -1.23445, 1701],
          [36.82157, -1.23442, 1701],
          [36.8216, -1.2344, 1701],
          [36.82164, -1.23434, 1701],
          [36.82171, -1.23426, 1700],
          [36.8218, -1.23419, 1700],
          [36.82189, -1.2341, 1700],
          [36.82194, -1.23405, 1700],
          [36.82198, -1.234, 1700],
          [36.82206, -1.23393, 1700],
          [36.8221, -1.2339, 1700],
          [36.82216, -1.23388, 1700],
          [36.8222, -1.23385, 1700],
          [36.82228, -1.23382, 1699],
          [36.82235, -1.23377, 1699],
          [36.82239, -1.23376, 1699],
          [36.82244, -1.23373, 1699],
          [36.8225, -1.23369, 1699],
          [36.82253, -1.23367, 1698],
          [36.82254, -1.23366, 1698],
          [36.82256, -1.23361, 1698],
          [36.82257, -1.23361, 1698],
          [36.82262, -1.23358, 1697],
          [36.8227, -1.23346, 1697],
          [36.82273, -1.23339, 1697],
          [36.82277, -1.23321, 1698],
          [36.82276, -1.23316, 1698],
          [36.82276, -1.23315, 1698],
          [36.82277, -1.2331, 1698],
          [36.82276, -1.23306, 1698],
          [36.82277, -1.23302, 1698],
          [36.82276, -1.23298, 1697],
          [36.82276, -1.23294, 1697],
          [36.82275, -1.23287, 1696],
          [36.82274, -1.23283, 1695],
          [36.82274, -1.23281, 1695],
          [36.82274, -1.23279, 1695],
          [36.82273, -1.23277, 1694],
          [36.82273, -1.23275, 1694],
          [36.82273, -1.23271, 1693],
          [36.82272, -1.23269, 1693],
          [36.82272, -1.23267, 1693],
          [36.8227, -1.23262, 1692],
          [36.8227, -1.23259, 1691],
          [36.82268, -1.23255, 1691],
          [36.82269, -1.23253, 1691],
          [36.82267, -1.23246, 1690],
          [36.82267, -1.23243, 1689],
          [36.82266, -1.23238, 1689],
          [36.82264, -1.23235, 1689],
          [36.82263, -1.23232, 1689],
          [36.8226, -1.23227, 1689],
          [36.82255, -1.2322, 1689],
          [36.8225, -1.23213, 1689],
          [36.82246, -1.23207, 1689],
          [36.82242, -1.23202, 1689],
          [36.8224, -1.232, 1689],
          [36.82239, -1.23197, 1689],
          [36.82237, -1.23193, 1689],
          [36.82233, -1.2319, 1689],
          [36.8223, -1.23186, 1689],
          [36.82224, -1.23178, 1689],
          [36.82215, -1.23171, 1689],
          [36.82209, -1.23167, 1689],
          [36.82202, -1.23165, 1689],
          [36.82196, -1.23161, 1688],
          [36.82192, -1.23159, 1688],
          [36.82184, -1.23154, 1688],
          [36.82179, -1.23151, 1687],
          [36.82174, -1.23149, 1687],
          [36.82169, -1.23146, 1687],
          [36.82163, -1.23143, 1686],
          [36.82153, -1.23138, 1685],
          [36.82142, -1.23133, 1684],
          [36.82138, -1.23131, 1683],
          [36.82136, -1.2313, 1683],
          [36.82133, -1.23129, 1682],
          [36.82129, -1.23127, 1681],
          [36.82126, -1.23126, 1681],
          [36.82122, -1.23126, 1680],
          [36.82119, -1.23126, 1680],
          [36.82113, -1.23123, 1679],
          [36.82109, -1.23123, 1679],
          [36.82105, -1.23121, 1679],
          [36.82099, -1.23121, 1679],
          [36.82093, -1.2312, 1679],
          [36.82087, -1.23119, 1679],
          [36.82083, -1.23118, 1679],
          [36.82077, -1.23117, 1679],
          [36.8207, -1.23115, 1678],
          [36.82068, -1.23114, 1678],
          [36.82065, -1.23111, 1678],
          [36.82064, -1.23108, 1678],
          [36.82061, -1.23095, 1677],
          [36.82059, -1.23091, 1676],
          [36.82059, -1.2309, 1676],
          [36.8206, -1.23087, 1676],
          [36.82065, -1.23084, 1676],
          [36.82068, -1.23082, 1677],
          [36.82073, -1.23079, 1677],
          [36.82077, -1.23074, 1678],
          [36.82081, -1.23067, 1679],
          [36.82081, -1.23061, 1679],
          [36.8208, -1.23059, 1680],
          [36.82079, -1.23058, 1680],
          [36.82077, -1.23057, 1680],
          [36.82071, -1.23055, 1681],
          [36.82059, -1.23055, 1682],
          [36.82055, -1.23056, 1682],
          [36.82049, -1.2306, 1681],
          [36.82041, -1.23062, 1679],
          [36.82032, -1.23063, 1678],
          [36.82027, -1.23063, 1677],
          [36.82024, -1.23062, 1677],
          [36.8202, -1.2306, 1677],
          [36.82009, -1.23049, 1679],
          [36.82003, -1.23044, 1679],
          [36.81999, -1.2304, 1680],
          [36.81996, -1.23038, 1680],
          [36.81993, -1.23034, 1681],
          [36.81989, -1.2303, 1682],
          [36.81983, -1.23026, 1683],
          [36.81977, -1.23021, 1683],
          [36.81973, -1.23019, 1684],
          [36.81964, -1.23012, 1685],
          [36.81961, -1.23009, 1686],
          [36.81959, -1.23008, 1686],
          [36.81949, -1.22996, 1689],
          [36.8194, -1.22989, 1691],
          [36.81936, -1.22986, 1691],
          [36.81934, -1.22983, 1692],
          [36.81932, -1.22982, 1692],
          [36.81924, -1.22977, 1692],
          [36.81911, -1.22969, 1693],
          [36.81903, -1.2296, 1695],
          [36.81897, -1.22955, 1696],
          [36.81893, -1.22951, 1697],
          [36.81882, -1.22941, 1700],
          [36.8187, -1.2293, 1702],
          [36.81863, -1.22924, 1704],
          [36.81856, -1.22918, 1705],
          [36.81845, -1.22909, 1706],
          [36.81832, -1.22899, 1707],
          [36.81818, -1.22886, 1708],
          [36.81805, -1.22876, 1708],
          [36.81797, -1.22869, 1708],
          [36.81793, -1.22866, 1708],
          [36.81791, -1.22864, 1708],
          [36.81788, -1.22862, 1708],
          [36.81786, -1.22859, 1708],
          [36.81784, -1.22855, 1708],
          [36.81781, -1.22849, 1708],
          [36.81779, -1.22838, 1708],
          [36.81778, -1.22827, 1709],
          [36.81777, -1.22823, 1709],
          [36.81777, -1.22816, 1709],
          [36.81772, -1.22796, 1711],
          [36.81772, -1.22792, 1711],
          [36.81771, -1.22786, 1711],
          [36.8177, -1.22782, 1712],
          [36.81769, -1.22777, 1712],
          [36.81767, -1.22766, 1710],
          [36.81763, -1.2275, 1708],
          [36.81761, -1.22746, 1708],
          [36.8176, -1.22742, 1707],
          [36.81758, -1.22728, 1706],
          [36.81758, -1.22724, 1706],
          [36.81757, -1.22717, 1706],
          [36.81754, -1.22705, 1705],
          [36.81754, -1.227, 1705],
          [36.81753, -1.22695, 1705],
          [36.81752, -1.22687, 1704],
          [36.81751, -1.22677, 1703],
          [36.81749, -1.22667, 1702],
          [36.81749, -1.22663, 1701],
          [36.81748, -1.2266, 1701],
          [36.81748, -1.22654, 1701],
          [36.81745, -1.22643, 1700],
          [36.81743, -1.2263, 1700],
          [36.81743, -1.22618, 1700],
          [36.81742, -1.22613, 1700],
          [36.81742, -1.22608, 1701],
          [36.81742, -1.22603, 1701],
          [36.81741, -1.22599, 1701],
          [36.81741, -1.22596, 1702],
          [36.81742, -1.2259, 1702],
          [36.81741, -1.22585, 1702],
          [36.81739, -1.22581, 1703],
          [36.81735, -1.22576, 1703],
          [36.81734, -1.22572, 1704],
          [36.8173, -1.2256, 1704],
          [36.81728, -1.22555, 1704],
          [36.81727, -1.2255, 1705],
          [36.81727, -1.22547, 1705],
          [36.81726, -1.22545, 1705],
          [36.81726, -1.22539, 1705],
          [36.81724, -1.22535, 1705],
          [36.81723, -1.22526, 1706],
          [36.81722, -1.2252, 1706],
          [36.81723, -1.22516, 1706],
          [36.81723, -1.22512, 1706],
          [36.81724, -1.22507, 1706],
          [36.81732, -1.22492, 1706],
          [36.81734, -1.22485, 1706],
          [36.81735, -1.2248, 1706],
          [36.81736, -1.22476, 1706],
          [36.81738, -1.22469, 1705],
          [36.81742, -1.22458, 1705],
          [36.81748, -1.22442, 1703],
          [36.8175, -1.2244, 1703],
          [36.81753, -1.22438, 1702],
          [36.81756, -1.22437, 1702],
          [36.8176, -1.22436, 1701],
          [36.81764, -1.22437, 1701],
          [36.81768, -1.22438, 1701],
          [36.81778, -1.22444, 1700],
          [36.81782, -1.22447, 1701],
          [36.81786, -1.22449, 1701],
          [36.81793, -1.22454, 1701],
          [36.81801, -1.22459, 1702],
          [36.8181, -1.22464, 1702],
          [36.81814, -1.22466, 1702],
          [36.81825, -1.22473, 1701],
          [36.81833, -1.22477, 1701],
          [36.81837, -1.2248, 1701],
          [36.81842, -1.22483, 1700],
          [36.81848, -1.22486, 1700],
          [36.81855, -1.22488, 1699],
          [36.81857, -1.22488, 1699],
          [36.81867, -1.22491, 1697],
          [36.81869, -1.22491, 1697],
          [36.81871, -1.22492, 1697],
          [36.81882, -1.22499, 1695],
          [36.81887, -1.22503, 1695],
          [36.81896, -1.22507, 1694],
          [36.81901, -1.2251, 1694],
          [36.81907, -1.22516, 1693],
          [36.81911, -1.2252, 1693],
          [36.81914, -1.22523, 1693],
          [36.81922, -1.22529, 1693],
          [36.81933, -1.22538, 1694],
          [36.81944, -1.22544, 1695],
          [36.8195, -1.2255, 1696],
          [36.81957, -1.22554, 1697],
          [36.81963, -1.22557, 1698],
          [36.81969, -1.2256, 1699],
          [36.81976, -1.22566, 1699],
          [36.81983, -1.2257, 1700],
          [36.81989, -1.22574, 1700],
          [36.81998, -1.22579, 1700],
          [36.82013, -1.22588, 1698],
          [36.8203, -1.22597, 1696],
          [36.82045, -1.22607, 1693],
          [36.82054, -1.22613, 1692],
          [36.82061, -1.22617, 1692],
          [36.82068, -1.22622, 1692],
          [36.82079, -1.22629, 1692],
          [36.82093, -1.22638, 1692],
          [36.82098, -1.22642, 1692],
          [36.82112, -1.2265, 1692],
          [36.82125, -1.22657, 1690],
          [36.82131, -1.22661, 1690],
          [36.82136, -1.22664, 1690],
          [36.82142, -1.22667, 1689],
          [36.82149, -1.22671, 1689],
          [36.82159, -1.22678, 1689],
          [36.82168, -1.22683, 1688],
          [36.82175, -1.22688, 1688],
          [36.82181, -1.22692, 1688],
          [36.82189, -1.22697, 1688],
          [36.82202, -1.22705, 1688],
          [36.82204, -1.22706, 1687],
          [36.82216, -1.22714, 1688],
          [36.82225, -1.2272, 1689],
          [36.8223, -1.22722, 1689],
          [36.82233, -1.22725, 1689],
          [36.82247, -1.22733, 1690],
          [36.82252, -1.22737, 1690],
          [36.82262, -1.22743, 1691],
          [36.82267, -1.22745, 1691],
          [36.82272, -1.22749, 1691],
          [36.82281, -1.22753, 1691],
          [36.82287, -1.22757, 1690],
          [36.8229, -1.2276, 1690],
          [36.82293, -1.22761, 1690],
          [36.82294, -1.22762, 1690],
          [36.82297, -1.22764, 1690],
          [36.82301, -1.22767, 1689],
          [36.82309, -1.22771, 1688],
          [36.82314, -1.22773, 1687],
          [36.82333, -1.22783, 1682],
          [36.8234, -1.22787, 1681],
          [36.82358, -1.22796, 1676],
          [36.82364, -1.228, 1675],
          [36.82368, -1.22803, 1675],
          [36.8237, -1.22804, 1675],
          [36.82375, -1.22807, 1676],
          [36.82382, -1.22811, 1677],
          [36.82398, -1.22815, 1678],
          [36.82404, -1.22816, 1679],
          [36.8241, -1.22817, 1679],
          [36.82417, -1.22818, 1680],
          [36.82423, -1.22821, 1680],
          [36.82431, -1.22824, 1680],
          [36.82443, -1.22829, 1680],
          [36.82448, -1.22833, 1680],
          [36.82452, -1.22836, 1680],
          [36.82456, -1.2284, 1680],
          [36.82461, -1.22843, 1680],
          [36.82466, -1.22847, 1680],
          [36.82493, -1.22859, 1678],
          [36.82503, -1.22863, 1678],
          [36.8251, -1.22867, 1678],
          [36.82521, -1.22872, 1678],
          [36.82529, -1.22875, 1677],
          [36.82536, -1.22878, 1678],
          [36.82542, -1.22882, 1678],
          [36.8255, -1.22886, 1679],
          [36.82558, -1.22891, 1680],
          [36.82566, -1.22895, 1679],
          [36.82583, -1.22905, 1679],
          [36.82594, -1.22911, 1679],
          [36.82603, -1.22916, 1679],
          [36.82611, -1.22922, 1679],
          [36.82614, -1.22924, 1679],
          [36.82618, -1.22926, 1679],
          [36.82627, -1.22932, 1679],
          [36.82632, -1.22936, 1679],
          [36.8264, -1.2294, 1680],
          [36.82646, -1.22943, 1680],
          [36.82652, -1.22946, 1681],
          [36.82657, -1.22949, 1681],
          [36.82664, -1.22953, 1682],
          [36.8267, -1.22957, 1682],
          [36.82674, -1.22959, 1681],
          [36.82687, -1.22966, 1680],
          [36.82688, -1.22967, 1680],
          [36.82698, -1.22972, 1680],
          [36.82717, -1.22977, 1679],
          [36.82722, -1.22977, 1678],
          [36.82728, -1.22976, 1678],
          [36.82735, -1.22973, 1676],
          [36.82743, -1.22968, 1674],
          [36.82748, -1.22964, 1673],
          [36.82751, -1.22962, 1672],
          [36.82755, -1.22961, 1671],
          [36.82762, -1.22957, 1669],
          [36.82768, -1.22954, 1667],
          [36.82773, -1.22952, 1666],
          [36.82777, -1.22951, 1665],
          [36.82783, -1.22948, 1665],
          [36.82789, -1.22947, 1664],
          [36.82795, -1.22945, 1664],
          [36.82799, -1.22943, 1664],
          [36.82805, -1.22938, 1663],
          [36.82824, -1.2292, 1661],
          [36.82836, -1.22908, 1659],
          [36.82838, -1.22905, 1659],
          [36.82838, -1.22902, 1659],
          [36.82839, -1.22899, 1659],
          [36.82838, -1.22893, 1659],
          [36.82836, -1.22883, 1660],
          [36.82834, -1.2288, 1660],
          [36.82829, -1.22866, 1660],
          [36.82828, -1.22859, 1661],
          [36.82831, -1.22854, 1662],
          [36.82832, -1.22852, 1662],
          [36.82847, -1.22842, 1663],
          [36.82851, -1.22839, 1664],
          [36.82855, -1.22837, 1664],
          [36.8286, -1.22835, 1664],
          [36.82864, -1.22833, 1665],
          [36.82866, -1.22829, 1665],
          [36.82868, -1.22824, 1666],
          [36.82865, -1.2282, 1667],
          [36.8286, -1.22819, 1667],
          [36.82857, -1.22816, 1668],
          [36.82855, -1.22811, 1668],
          [36.82853, -1.22807, 1669],
          [36.82851, -1.22802, 1670],
          [36.82848, -1.22799, 1670],
          [36.82845, -1.22796, 1671],
          [36.82841, -1.22792, 1671],
          [36.82839, -1.22789, 1672],
          [36.82839, -1.22784, 1673],
          [36.82839, -1.22783, 1673],
          [36.82841, -1.22767, 1676],
          [36.82844, -1.22761, 1677],
          [36.82845, -1.22758, 1677],
          [36.82844, -1.22741, 1680],
          [36.82841, -1.22734, 1682],
          [36.8284, -1.22728, 1683],
          [36.82838, -1.22725, 1683],
          [36.82836, -1.22724, 1683],
          [36.82832, -1.22719, 1684],
          [36.82831, -1.22717, 1684],
          [36.82831, -1.22712, 1685],
          [36.82832, -1.22705, 1686],
          [36.82832, -1.22701, 1687],
          [36.82837, -1.2269, 1688],
          [36.82838, -1.22685, 1689],
          [36.8284, -1.22675, 1690],
          [36.82844, -1.22665, 1691],
          [36.82846, -1.22664, 1691],
          [36.82847, -1.22664, 1691],
          [36.82849, -1.22664, 1691],
          [36.82853, -1.22665, 1690],
          [36.82858, -1.22667, 1690],
          [36.82864, -1.2267, 1689],
          [36.82869, -1.22674, 1689],
          [36.8287, -1.22674, 1689],
          [36.82872, -1.22675, 1688],
          [36.82878, -1.22678, 1688],
          [36.82889, -1.22685, 1687],
          [36.82907, -1.22694, 1686],
          [36.82921, -1.22701, 1685],
          [36.82932, -1.22706, 1684],
          [36.82938, -1.2271, 1684],
          [36.82945, -1.22714, 1684],
          [36.82956, -1.22719, 1684],
          [36.82963, -1.22723, 1684],
          [36.82968, -1.22725, 1684],
          [36.82974, -1.22728, 1684],
          [36.8298, -1.22731, 1685],
          [36.82993, -1.22738, 1685],
          [36.83003, -1.22743, 1685],
          [36.83011, -1.22747, 1686],
          [36.83017, -1.2275, 1686],
          [36.83023, -1.22753, 1687],
          [36.83032, -1.22757, 1687],
          [36.8306, -1.22766, 1686],
          [36.83063, -1.22766, 1686],
          [36.83069, -1.22769, 1685],
          [36.8308, -1.22773, 1685],
          [36.83085, -1.22776, 1685],
          [36.83089, -1.22778, 1684],
          [36.83093, -1.2278, 1684],
          [36.831, -1.22783, 1683],
          [36.83111, -1.22788, 1682],
          [36.83118, -1.22791, 1682],
          [36.83125, -1.22794, 1682],
          [36.83131, -1.22797, 1682],
          [36.83134, -1.22798, 1682],
          [36.83138, -1.22801, 1682],
          [36.83145, -1.22807, 1682],
          [36.83157, -1.22815, 1683],
          [36.83163, -1.22821, 1683],
          [36.83165, -1.22824, 1683],
          [36.83167, -1.22826, 1683],
          [36.83169, -1.2283, 1683],
          [36.83172, -1.22838, 1682],
          [36.83176, -1.2285, 1680],
          [36.83177, -1.22854, 1679],
          [36.83183, -1.2287, 1678],
          [36.83185, -1.22874, 1678],
          [36.83193, -1.22891, 1678],
          [36.83199, -1.22902, 1678],
          [36.83203, -1.2291, 1678],
          [36.83208, -1.22917, 1678],
          [36.83214, -1.22928, 1679],
          [36.83216, -1.22931, 1679],
          [36.83221, -1.22939, 1680],
          [36.83222, -1.22942, 1680],
          [36.83229, -1.22953, 1680],
          [36.83234, -1.22963, 1680],
          [36.83238, -1.2297, 1679],
          [36.83241, -1.22976, 1679],
          [36.83244, -1.22982, 1678],
          [36.8325, -1.22991, 1678],
          [36.83255, -1.22998, 1677],
          [36.8326, -1.23006, 1676],
          [36.83268, -1.23018, 1675],
          [36.83273, -1.23026, 1675],
          [36.83275, -1.23029, 1675],
          [36.83283, -1.2304, 1674],
          [36.83287, -1.23047, 1673],
          [36.83291, -1.23051, 1673],
          [36.83297, -1.23061, 1673],
          [36.83306, -1.23074, 1674],
          [36.83311, -1.23083, 1674],
          [36.83316, -1.2309, 1674],
          [36.83321, -1.23098, 1674],
          [36.83325, -1.23103, 1675],
          [36.83329, -1.23108, 1675],
          [36.83331, -1.2311, 1675],
          [36.83333, -1.23114, 1675],
          [36.8334, -1.23122, 1675],
          [36.83346, -1.23128, 1675],
          [36.83351, -1.23132, 1675],
          [36.83357, -1.23138, 1674],
          [36.83364, -1.23143, 1674],
          [36.83372, -1.23149, 1674],
          [36.83387, -1.23155, 1674],
          [36.83394, -1.23158, 1673],
          [36.83407, -1.23164, 1673],
          [36.83418, -1.23168, 1672],
          [36.83427, -1.23171, 1672],
          [36.83434, -1.23174, 1671],
          [36.83441, -1.23177, 1670],
          [36.83451, -1.2318, 1670],
          [36.83466, -1.23186, 1671],
          [36.83467, -1.23186, 1671],
          [36.83473, -1.23188, 1671],
          [36.83489, -1.23197, 1672],
          [36.83494, -1.23201, 1672],
          [36.835, -1.23207, 1672],
          [36.83505, -1.23213, 1672],
          [36.83509, -1.2322, 1673],
          [36.83514, -1.23226, 1673],
          [36.83519, -1.23236, 1672],
          [36.83521, -1.23242, 1672],
          [36.83523, -1.23247, 1671],
          [36.83531, -1.23258, 1671],
          [36.83535, -1.23264, 1671],
          [36.83543, -1.23271, 1670],
          [36.8355, -1.23278, 1670],
          [36.83557, -1.23284, 1670],
          [36.83563, -1.23289, 1669],
          [36.83568, -1.23293, 1669],
          [36.83573, -1.23297, 1669],
          [36.83578, -1.23299, 1668],
          [36.83583, -1.23301, 1668],
          [36.83595, -1.23301, 1668],
          [36.83602, -1.23302, 1668],
          [36.83609, -1.23304, 1667],
          [36.83614, -1.23306, 1667],
          [36.83619, -1.23308, 1666],
          [36.83624, -1.23309, 1666],
          [36.83629, -1.23309, 1667],
          [36.83638, -1.2331, 1667],
          [36.83644, -1.2331, 1667],
          [36.83646, -1.23309, 1668],
          [36.83648, -1.2331, 1668],
          [36.8365, -1.2331, 1668],
          [36.83655, -1.2331, 1668],
          [36.83659, -1.2331, 1668],
          [36.83673, -1.2331, 1668],
          [36.83682, -1.23313, 1667],
          [36.83688, -1.23315, 1666],
          [36.83693, -1.23317, 1666],
          [36.83703, -1.23323, 1665],
          [36.8372, -1.23334, 1664],
          [36.83728, -1.23339, 1665],
          [36.83732, -1.23341, 1665],
          [36.83738, -1.23346, 1665],
          [36.83746, -1.23354, 1665],
          [36.83753, -1.2336, 1664],
          [36.83759, -1.23365, 1663],
          [36.83765, -1.2337, 1662],
          [36.83775, -1.2338, 1660],
          [36.83778, -1.23384, 1660],
          [36.83783, -1.23388, 1659],
          [36.83788, -1.23395, 1658],
          [36.83792, -1.23399, 1658],
          [36.83794, -1.23401, 1658],
          [36.83795, -1.23403, 1658],
          [36.83799, -1.23407, 1658],
          [36.83804, -1.23412, 1658],
          [36.83831, -1.23432, 1659],
          [36.83844, -1.23443, 1658],
          [36.83852, -1.23451, 1657],
          [36.83858, -1.23457, 1657],
          [36.83865, -1.23464, 1657],
          [36.83869, -1.23469, 1656],
          [36.83874, -1.23472, 1656],
          [36.83888, -1.23485, 1657],
          [36.83897, -1.23492, 1657],
          [36.83898, -1.23493, 1658],
          [36.83913, -1.23508, 1659],
          [36.83923, -1.23518, 1660],
          [36.83932, -1.23528, 1660],
          [36.8394, -1.23536, 1659],
          [36.83949, -1.23545, 1657],
          [36.83955, -1.23551, 1657],
          [36.83962, -1.23556, 1656],
          [36.83966, -1.23558, 1656],
          [36.83968, -1.23558, 1656],
          [36.83975, -1.23562, 1656],
          [36.83979, -1.23563, 1656],
          [36.83983, -1.23564, 1656],
          [36.83987, -1.23564, 1656],
          [36.83993, -1.23565, 1656],
          [36.83998, -1.23565, 1656],
          [36.84006, -1.23565, 1656],
          [36.84013, -1.23565, 1657],
          [36.84021, -1.23564, 1657],
          [36.84026, -1.23563, 1658],
          [36.84032, -1.23561, 1658],
          [36.84036, -1.23558, 1659],
          [36.84039, -1.23556, 1659],
          [36.84047, -1.23546, 1660],
          [36.84052, -1.23542, 1660],
          [36.84058, -1.23538, 1660],
          [36.84069, -1.23533, 1660],
          [36.84073, -1.2353, 1660],
          [36.84077, -1.23527, 1661],
          [36.84082, -1.23525, 1661],
          [36.84088, -1.23523, 1660],
          [36.84094, -1.23521, 1660],
          [36.84099, -1.23521, 1659],
          [36.84102, -1.2352, 1659],
          [36.84117, -1.2352, 1658],
          [36.84121, -1.23519, 1658],
          [36.84125, -1.23519, 1658],
          [36.84132, -1.23517, 1658],
          [36.84152, -1.23514, 1657],
          [36.84159, -1.23511, 1657],
          [36.84164, -1.23509, 1657],
          [36.84168, -1.23507, 1657],
          [36.84174, -1.23504, 1657],
          [36.84182, -1.23499, 1657],
          [36.84193, -1.23494, 1656],
          [36.84201, -1.23493, 1656],
          [36.84204, -1.23492, 1656],
          [36.84209, -1.23493, 1655],
          [36.84211, -1.23494, 1655],
          [36.84215, -1.23498, 1654],
          [36.84219, -1.23505, 1653],
          [36.84226, -1.23512, 1652],
          [36.84229, -1.23515, 1652],
          [36.84235, -1.23517, 1651],
          [36.8424, -1.2352, 1651],
          [36.84245, -1.23522, 1650],
          [36.8425, -1.23524, 1650],
          [36.84255, -1.23526, 1650],
          [36.84259, -1.23527, 1649],
          [36.8427, -1.23533, 1648],
          [36.84281, -1.23537, 1648],
          [36.84284, -1.23539, 1648],
          [36.84289, -1.23544, 1648],
          [36.84291, -1.23548, 1648],
          [36.84291, -1.2355, 1648],
          [36.84289, -1.23559, 1647],
          [36.84284, -1.23569, 1647],
          [36.8428, -1.23576, 1647],
          [36.84278, -1.23582, 1647],
          [36.84276, -1.23586, 1646],
          [36.84274, -1.23591, 1646],
          [36.84272, -1.23601, 1646],
          [36.84272, -1.23603, 1646],
          [36.84271, -1.23606, 1646],
          [36.84271, -1.2361, 1646],
          [36.84269, -1.2362, 1646],
          [36.84269, -1.23629, 1646],
          [36.84268, -1.23633, 1646],
          [36.84268, -1.23639, 1646],
          [36.84266, -1.23652, 1647],
          [36.84265, -1.23657, 1647],
          [36.84264, -1.23663, 1647],
          [36.84264, -1.23669, 1648],
          [36.84264, -1.23673, 1648],
          [36.84264, -1.23678, 1649],
          [36.84265, -1.2369, 1650],
          [36.84268, -1.23697, 1651],
          [36.84272, -1.23706, 1652],
          [36.84278, -1.23713, 1652],
          [36.84283, -1.23717, 1653],
          [36.84287, -1.2372, 1653],
          [36.84291, -1.23722, 1653],
          [36.84299, -1.23728, 1655],
          [36.84306, -1.23731, 1655],
          [36.84311, -1.23733, 1656],
          [36.84314, -1.23735, 1657],
          [36.84318, -1.23736, 1657],
          [36.84322, -1.23739, 1658],
          [36.8433, -1.23742, 1660],
          [36.84335, -1.23745, 1661],
          [36.84344, -1.23752, 1661],
          [36.84346, -1.23756, 1661],
          [36.84346, -1.23757, 1662],
          [36.84343, -1.23758, 1662],
          [36.84337, -1.2376, 1662],
          [36.84324, -1.2376, 1661],
          [36.84314, -1.2376, 1660],
          [36.84311, -1.23759, 1660],
          [36.84308, -1.23759, 1660],
          [36.84303, -1.23757, 1659],
          [36.84299, -1.23757, 1658],
          [36.84298, -1.23757, 1658],
          [36.84296, -1.23756, 1658],
          [36.84281, -1.23756, 1656],
          [36.84279, -1.23757, 1656],
          [36.84271, -1.23757, 1656],
          [36.84265, -1.2376, 1657],
          [36.84258, -1.23762, 1658],
          [36.84252, -1.23763, 1659],
          [36.84242, -1.23767, 1660],
          [36.84228, -1.23771, 1661],
          [36.84211, -1.23775, 1660],
          [36.84206, -1.23777, 1659],
          [36.84202, -1.23777, 1659],
          [36.84197, -1.23779, 1658],
          [36.8419, -1.2378, 1658],
          [36.84185, -1.23782, 1657],
          [36.84176, -1.23784, 1657],
          [36.84169, -1.23785, 1657],
          [36.84161, -1.23785, 1657],
          [36.84151, -1.23783, 1657],
          [36.84146, -1.23783, 1657],
          [36.8413, -1.23777, 1657],
          [36.84125, -1.23775, 1657],
          [36.84124, -1.23775, 1658],
          [36.84121, -1.23773, 1658],
          [36.84118, -1.23772, 1658],
          [36.84114, -1.23771, 1658],
          [36.84109, -1.23769, 1659],
          [36.84106, -1.23767, 1659],
          [36.84095, -1.23762, 1659],
          [36.84083, -1.23757, 1658],
          [36.84075, -1.23752, 1658],
          [36.84065, -1.23746, 1658],
          [36.8406, -1.23742, 1657],
          [36.84058, -1.23742, 1657],
          [36.8405, -1.23738, 1658],
          [36.84045, -1.23733, 1658],
          [36.84029, -1.23721, 1658],
          [36.8402, -1.23716, 1659],
          [36.84015, -1.23712, 1660],
          [36.84009, -1.23708, 1660],
          [36.84003, -1.23704, 1661],
          [36.84, -1.23701, 1661],
          [36.83986, -1.23688, 1659],
          [36.83973, -1.23682, 1657],
          [36.83972, -1.23681, 1657],
          [36.83964, -1.23676, 1655],
          [36.83957, -1.23674, 1655],
          [36.83944, -1.23667, 1654],
          [36.83931, -1.23662, 1655],
          [36.8392, -1.23653, 1656],
          [36.83909, -1.23651, 1657],
          [36.83897, -1.23645, 1659],
          [36.83892, -1.23642, 1659],
          [36.83889, -1.23641, 1660],
          [36.83882, -1.23636, 1659],
          [36.83873, -1.23629, 1658],
          [36.8386, -1.23619, 1658],
          [36.83853, -1.23614, 1658],
          [36.83847, -1.2361, 1658],
          [36.83843, -1.23607, 1658],
          [36.83826, -1.23596, 1658],
          [36.83819, -1.2359, 1658],
          [36.83816, -1.23588, 1658],
          [36.83814, -1.23585, 1658],
          [36.83808, -1.23581, 1657],
          [36.83793, -1.23569, 1658],
          [36.83787, -1.23564, 1659],
          [36.83782, -1.2356, 1659],
          [36.83779, -1.23558, 1659],
          [36.83775, -1.23554, 1660],
          [36.83769, -1.23548, 1660],
          [36.83754, -1.23538, 1659],
          [36.83749, -1.23534, 1659],
          [36.83741, -1.23527, 1658],
          [36.83736, -1.23524, 1658],
          [36.83729, -1.23518, 1657],
          [36.83723, -1.23515, 1657],
          [36.83719, -1.23513, 1657],
          [36.83713, -1.2351, 1657],
          [36.83702, -1.23503, 1657],
          [36.83681, -1.23496, 1658],
          [36.8367, -1.23492, 1659],
          [36.83667, -1.23491, 1659],
          [36.83657, -1.23488, 1659],
          [36.83641, -1.23484, 1659],
          [36.83638, -1.23484, 1659],
          [36.83635, -1.23483, 1659],
          [36.83631, -1.23483, 1659],
          [36.83626, -1.23481, 1659],
          [36.83621, -1.23481, 1659],
          [36.83614, -1.23479, 1659],
          [36.83603, -1.23478, 1661],
          [36.836, -1.23477, 1661],
          [36.83596, -1.23477, 1662],
          [36.83592, -1.23476, 1662],
          [36.83589, -1.23476, 1663],
          [36.83587, -1.23475, 1663],
          [36.83584, -1.23475, 1664],
          [36.83576, -1.23474, 1664],
          [36.83565, -1.23472, 1665],
          [36.8355, -1.2347, 1665],
          [36.83543, -1.23468, 1665],
          [36.83535, -1.23466, 1665],
          [36.83532, -1.23465, 1665],
          [36.83522, -1.23464, 1665],
          [36.83517, -1.23464, 1665],
          [36.83502, -1.2346, 1666],
          [36.83496, -1.2346, 1667],
          [36.83493, -1.2346, 1667],
          [36.83491, -1.23459, 1667],
          [36.83485, -1.23457, 1667],
          [36.83478, -1.23456, 1667],
          [36.83472, -1.23453, 1667],
          [36.83469, -1.23452, 1667],
          [36.83463, -1.23449, 1667],
          [36.83456, -1.23448, 1667],
          [36.83453, -1.23446, 1667],
          [36.83448, -1.23443, 1666],
          [36.83444, -1.23441, 1666],
          [36.83438, -1.23436, 1666],
          [36.83435, -1.23434, 1666],
          [36.83434, -1.23434, 1667],
          [36.83426, -1.23428, 1667],
          [36.8342, -1.23423, 1667],
          [36.83413, -1.23419, 1667],
          [36.8341, -1.23416, 1667],
          [36.83408, -1.23414, 1667],
          [36.83398, -1.23409, 1667],
          [36.8339, -1.23403, 1667],
          [36.83379, -1.23397, 1668],
          [36.83369, -1.23391, 1668],
          [36.83355, -1.23382, 1667],
          [36.83347, -1.23375, 1667],
          [36.8334, -1.23369, 1668],
          [36.83329, -1.23359, 1668],
          [36.83321, -1.23349, 1667],
          [36.83316, -1.23343, 1667],
          [36.83307, -1.23334, 1666],
          [36.83305, -1.23331, 1665],
          [36.83296, -1.23318, 1664],
          [36.83288, -1.2331, 1664],
          [36.83281, -1.23301, 1664],
          [36.83271, -1.2329, 1665],
          [36.83264, -1.23283, 1664],
          [36.83258, -1.23278, 1664],
          [36.83252, -1.23273, 1664],
          [36.83242, -1.23266, 1664],
          [36.83229, -1.23257, 1665],
          [36.8322, -1.2325, 1665],
          [36.83213, -1.23245, 1665],
          [36.83209, -1.23241, 1665],
          [36.83203, -1.23237, 1665],
          [36.83195, -1.23229, 1665],
          [36.83192, -1.23227, 1665],
          [36.83181, -1.23216, 1666],
          [36.83166, -1.23195, 1667],
          [36.83158, -1.23186, 1667],
          [36.83156, -1.23182, 1668],
          [36.83153, -1.23178, 1668],
          [36.8315, -1.23173, 1668],
          [36.83145, -1.23166, 1668],
          [36.83138, -1.23156, 1669],
          [36.83133, -1.23146, 1670],
          [36.83128, -1.23137, 1670],
          [36.83127, -1.23133, 1670],
          [36.83122, -1.23123, 1671],
          [36.8312, -1.23118, 1672],
          [36.83116, -1.23108, 1672],
          [36.83114, -1.23104, 1673],
          [36.83112, -1.231, 1673],
          [36.83108, -1.23094, 1673],
          [36.83105, -1.23088, 1674],
          [36.83101, -1.23081, 1674],
          [36.83093, -1.23069, 1673],
          [36.83086, -1.23061, 1674],
          [36.8308, -1.23056, 1674],
          [36.83072, -1.23051, 1674],
          [36.83056, -1.23039, 1673],
          [36.83051, -1.23036, 1673],
          [36.83048, -1.23034, 1673],
          [36.83044, -1.23031, 1673],
          [36.83039, -1.23027, 1673],
          [36.83034, -1.23024, 1673],
          [36.83028, -1.23019, 1674],
          [36.8302, -1.23014, 1674],
          [36.83004, -1.23003, 1675],
          [36.82993, -1.22995, 1675],
          [36.82983, -1.22989, 1674],
          [36.82976, -1.22986, 1674],
          [36.82971, -1.22984, 1674],
          [36.82965, -1.22982, 1674],
          [36.82958, -1.2298, 1675],
          [36.82951, -1.22979, 1675],
          [36.82944, -1.22977, 1675],
          [36.82942, -1.22977, 1675],
          [36.82934, -1.22976, 1675],
          [36.82927, -1.22975, 1675],
          [36.82914, -1.22975, 1674],
          [36.82903, -1.22975, 1674],
          [36.8289, -1.22976, 1674],
          [36.82886, -1.22976, 1674],
          [36.82884, -1.22976, 1674],
          [36.8288, -1.22976, 1674],
          [36.82873, -1.22976, 1674],
          [36.82864, -1.22977, 1674],
          [36.8286, -1.22978, 1674],
          [36.82851, -1.22978, 1674],
          [36.82847, -1.22979, 1674],
          [36.82845, -1.22979, 1674],
          [36.82842, -1.2298, 1674],
          [36.82838, -1.2298, 1674],
          [36.82834, -1.22981, 1674],
          [36.82818, -1.22981, 1673],
          [36.82815, -1.22981, 1673],
          [36.82809, -1.22981, 1672],
          [36.82804, -1.22982, 1672],
          [36.82799, -1.22982, 1672],
          [36.82794, -1.22982, 1671],
          [36.82787, -1.22982, 1671],
          [36.82776, -1.22982, 1671],
          [36.82757, -1.2298, 1674],
          [36.82733, -1.22978, 1677],
          [36.82719, -1.22982, 1680],
          [36.82718, -1.22988, 1681],
          [36.82717, -1.22993, 1682],
          [36.82716, -1.22999, 1683],
          [36.82716, -1.23003, 1683],
          [36.82715, -1.23008, 1683],
          [36.82715, -1.23011, 1683],
          [36.82715, -1.23013, 1683],
          [36.82714, -1.23015, 1683],
          [36.82714, -1.23018, 1683],
          [36.82713, -1.23019, 1684],
          [36.82712, -1.23023, 1684],
          [36.82712, -1.23027, 1684],
          [36.8271, -1.23034, 1684],
          [36.8271, -1.2304, 1684],
          [36.82708, -1.23044, 1684],
          [36.82706, -1.23054, 1684],
          [36.82705, -1.23056, 1684],
          [36.82705, -1.2306, 1684],
          [36.82702, -1.23073, 1683],
          [36.827, -1.23081, 1683],
          [36.82698, -1.23088, 1683],
          [36.82695, -1.23099, 1684],
          [36.8269, -1.23114, 1685],
          [36.8269, -1.23117, 1685],
          [36.82688, -1.23125, 1685],
          [36.82685, -1.23135, 1686],
          [36.82685, -1.23139, 1686],
          [36.8268, -1.23154, 1686],
          [36.82677, -1.23165, 1686],
          [36.82673, -1.23183, 1687],
          [36.82669, -1.23198, 1688],
          [36.82666, -1.23212, 1689],
          [36.82664, -1.23217, 1689],
          [36.82664, -1.2322, 1689],
          [36.82659, -1.23236, 1690],
          [36.82656, -1.23249, 1691],
          [36.82653, -1.23258, 1691],
          [36.82651, -1.23266, 1690],
          [36.82648, -1.23277, 1690],
          [36.82644, -1.23286, 1688],
          [36.82642, -1.23292, 1687],
          [36.82642, -1.23295, 1686],
          [36.8264, -1.233, 1685],
          [36.82638, -1.23304, 1684],
          [36.82635, -1.2331, 1683],
          [36.82635, -1.23311, 1682],
          [36.82633, -1.23319, 1681],
          [36.82634, -1.23326, 1680],
          [36.82634, -1.23329, 1679],
          [36.82628, -1.23361, 1673],
          [36.82626, -1.23372, 1672],
          [36.82626, -1.23373, 1672],
          [36.82626, -1.23403, 1672],
          [36.82632, -1.23425, 1671],
          [36.82635, -1.23429, 1670],
          [36.82636, -1.23434, 1670],
          [36.82636, -1.23437, 1670],
          [36.82633, -1.23452, 1669],
          [36.82623, -1.23472, 1669],
          [36.8262, -1.23475, 1671],
          [36.82618, -1.23476, 1671],
          [36.82612, -1.23475, 1672],
          [36.82605, -1.23471, 1673],
          [36.82594, -1.23466, 1675],
          [36.82589, -1.23464, 1676],
          [36.82585, -1.23461, 1676],
          [36.82582, -1.2346, 1677],
          [36.82578, -1.23458, 1677],
          [36.82567, -1.23454, 1679],
          [36.82565, -1.23452, 1679],
          [36.82561, -1.23452, 1680],
          [36.82558, -1.2345, 1680],
          [36.82555, -1.23448, 1680],
          [36.82553, -1.23446, 1680],
          [36.8255, -1.23445, 1680],
          [36.82548, -1.23445, 1680],
          [36.82543, -1.23443, 1680],
          [36.82541, -1.23441, 1680],
          [36.82537, -1.23438, 1680],
          [36.82534, -1.23436, 1680],
          [36.82531, -1.23434, 1680],
          [36.82529, -1.23433, 1680],
          [36.82526, -1.23433, 1680],
          [36.82523, -1.23432, 1680],
          [36.82516, -1.2343, 1681],
          [36.82512, -1.23428, 1681],
          [36.82509, -1.23426, 1680],
          [36.82504, -1.23424, 1680],
          [36.82497, -1.23419, 1680],
          [36.82494, -1.2342, 1680],
          [36.82492, -1.23419, 1680],
          [36.8249, -1.23416, 1679],
          [36.82487, -1.23414, 1679],
          [36.82485, -1.23412, 1678],
          [36.82478, -1.23404, 1678],
          [36.82471, -1.23396, 1677],
          [36.82463, -1.23389, 1677],
          [36.8246, -1.23386, 1677],
          [36.82459, -1.23385, 1677],
          [36.82454, -1.23381, 1677],
          [36.82431, -1.23365, 1678],
          [36.82422, -1.23354, 1677],
          [36.82414, -1.2335, 1678],
          [36.82397, -1.23331, 1681],
          [36.82393, -1.23326, 1682],
          [36.82385, -1.23311, 1683],
          [36.82378, -1.23315, 1686],
          [36.82374, -1.23317, 1688],
          [36.82343, -1.23331, 1696],
          [36.82304, -1.23347, 1693],
          [36.82293, -1.23351, 1694],
          [36.82288, -1.23353, 1695],
          [36.82286, -1.23354, 1695],
          [36.82276, -1.23352, 1696],
          [36.82272, -1.23354, 1697],
          [36.82267, -1.23357, 1697],
          [36.82264, -1.23359, 1697],
          [36.82258, -1.23365, 1698],
          [36.82254, -1.23366, 1698],
          [36.82253, -1.23367, 1698],
          [36.8225, -1.23369, 1699],
          [36.82244, -1.23373, 1699],
          [36.82239, -1.23376, 1699],
          [36.82235, -1.23377, 1699],
          [36.82228, -1.23382, 1699],
          [36.8222, -1.23385, 1700],
          [36.82216, -1.23388, 1700],
          [36.8221, -1.2339, 1700],
          [36.82206, -1.23393, 1700],
          [36.82198, -1.234, 1700],
          [36.82194, -1.23405, 1700],
          [36.82189, -1.2341, 1700],
          [36.8218, -1.23419, 1700],
          [36.82171, -1.23426, 1700],
          [36.82164, -1.23434, 1701],
          [36.8216, -1.2344, 1701],
          [36.82157, -1.23442, 1701],
          [36.82155, -1.23445, 1701],
          [36.82152, -1.23448, 1701],
          [36.82144, -1.23462, 1702],
          [36.82133, -1.23484, 1703],
          [36.82131, -1.2349, 1704],
          [36.82126, -1.23507, 1704],
          [36.82124, -1.23513, 1704],
          [36.82122, -1.23519, 1704],
          [36.82119, -1.23525, 1705],
          [36.82117, -1.23531, 1705],
          [36.82115, -1.23538, 1705],
          [36.82107, -1.23555, 1705],
          [36.821, -1.23566, 1704],
          [36.82093, -1.23579, 1703],
          [36.82091, -1.23582, 1703],
          [36.82086, -1.2359, 1702],
          [36.82082, -1.23597, 1701],
          [36.82077, -1.23604, 1701],
          [36.82072, -1.23612, 1701],
          [36.82063, -1.23626, 1701],
          [36.8206, -1.23631, 1701],
          [36.82052, -1.23642, 1701],
          [36.82048, -1.23649, 1701],
          [36.82043, -1.23656, 1701],
          [36.82034, -1.23669, 1701],
          [36.82029, -1.23677, 1702],
          [36.82028, -1.23678, 1702],
          [36.82023, -1.23684, 1702],
          [36.82018, -1.2369, 1702],
          [36.8201, -1.23701, 1702],
          [36.82006, -1.23704, 1702],
          [36.82004, -1.23708, 1702],
          [36.82002, -1.23712, 1702],
          [36.81994, -1.23723, 1701],
          [36.81992, -1.23727, 1701],
          [36.81989, -1.2373, 1701],
          [36.81988, -1.23732, 1701],
          [36.81987, -1.23734, 1701],
          [36.81985, -1.23736, 1701],
          [36.8198, -1.23742, 1700],
          [36.81977, -1.23747, 1700],
          [36.81972, -1.23753, 1700],
          [36.81968, -1.23758, 1699],
          [36.81963, -1.23765, 1699],
          [36.8196, -1.23769, 1699],
          [36.81958, -1.23773, 1699],
          [36.81952, -1.23783, 1699],
          [36.8195, -1.23788, 1698],
          [36.81947, -1.23792, 1698],
          [36.81945, -1.23798, 1698],
          [36.81945, -1.23801, 1698],
          [36.81944, -1.23804, 1698],
          [36.81943, -1.2381, 1697],
          [36.81942, -1.23813, 1697],
          [36.81942, -1.23818, 1697],
          [36.81941, -1.23823, 1697],
          [36.8194, -1.23827, 1697],
          [36.8194, -1.23832, 1697],
          [36.81938, -1.23837, 1697],
          [36.81938, -1.23843, 1697],
          [36.81936, -1.23853, 1696],
          [36.81936, -1.23861, 1696],
          [36.81937, -1.23865, 1695],
          [36.8194, -1.23873, 1694],
          [36.81942, -1.23877, 1694],
          [36.81949, -1.23894, 1693],
          [36.8195, -1.23899, 1693],
          [36.81952, -1.23907, 1692],
          [36.81954, -1.23914, 1692],
          [36.81954, -1.23921, 1691],
          [36.81954, -1.23928, 1691],
          [36.81953, -1.23935, 1690],
          [36.81953, -1.23941, 1690],
          [36.81951, -1.23951, 1689],
          [36.81951, -1.23956, 1689],
          [36.8195, -1.2396, 1689],
          [36.81949, -1.23969, 1689],
          [36.81948, -1.23975, 1689],
          [36.81945, -1.23989, 1689],
          [36.81943, -1.23998, 1689],
          [36.81942, -1.24005, 1689],
          [36.81942, -1.24009, 1689],
          [36.81941, -1.24014, 1688],
          [36.81939, -1.2402, 1688],
          [36.81939, -1.24021, 1687],
          [36.81936, -1.24036, 1687],
          [36.81929, -1.24052, 1687],
          [36.81922, -1.24067, 1687],
          [36.81919, -1.24075, 1688],
          [36.81919, -1.24077, 1688],
          [36.81917, -1.2408, 1688],
          [36.81914, -1.24082, 1688],
          [36.81911, -1.24081, 1688],
          [36.81909, -1.24081, 1688],
          [36.81907, -1.24079, 1688],
          [36.81904, -1.24077, 1687],
          [36.819, -1.24076, 1687],
          [36.81896, -1.24075, 1687],
          [36.81892, -1.24074, 1687],
          [36.81891, -1.24074, 1687],
          [36.81888, -1.24073, 1686],
          [36.81885, -1.24073, 1686],
          [36.81883, -1.24072, 1686],
          [36.81871, -1.24072, 1687],
          [36.81865, -1.2407, 1687],
          [36.81862, -1.2407, 1687],
          [36.81858, -1.24069, 1687],
          [36.81853, -1.24069, 1688],
          [36.81845, -1.24065, 1689],
          [36.81839, -1.24061, 1689],
          [36.81835, -1.24056, 1689],
          [36.81833, -1.24055, 1690],
          [36.81831, -1.24051, 1690],
          [36.8183, -1.24047, 1691],
          [36.81829, -1.24044, 1691],
          [36.81828, -1.24041, 1691],
          [36.81825, -1.24036, 1692],
          [36.8182, -1.2403, 1692],
          [36.81813, -1.24022, 1693],
          [36.81811, -1.24018, 1693],
          [36.81805, -1.24011, 1693],
          [36.81801, -1.24001, 1693],
          [36.818, -1.23994, 1693],
          [36.818, -1.23981, 1693],
          [36.81801, -1.23977, 1693],
          [36.81802, -1.23969, 1692],
          [36.81803, -1.23964, 1692],
          [36.81804, -1.23961, 1692],
          [36.81805, -1.23958, 1692],
          [36.81805, -1.23956, 1692],
          [36.81807, -1.23949, 1692],
          [36.81812, -1.23939, 1691],
          [36.81816, -1.23928, 1691],
          [36.81823, -1.23916, 1690],
          [36.81825, -1.23913, 1690],
          [36.81826, -1.23907, 1690],
          [36.81826, -1.23901, 1690],
          [36.81825, -1.23896, 1690],
          [36.81821, -1.23892, 1690],
          [36.81817, -1.2389, 1691],
          [36.81813, -1.23888, 1690],
          [36.81809, -1.23886, 1690],
          [36.81802, -1.23882, 1690],
          [36.81793, -1.23874, 1690],
          [36.81786, -1.23865, 1689],
          [36.81774, -1.23843, 1689],
          [36.81761, -1.2383, 1690],
          [36.81752, -1.23819, 1691]
        ]
      }
    },
    {
      "type": "Feature",
      "id": "alltrails-sykes-monkey-and-lake-trail-loop",
      "properties": {
        "slug": "alltrails-sykes-monkey-and-lake-trail-loop",
        "name": "Sykes' Monkey and Lake Trail Loop",
        "source": "alltrails",
        "geometrySource": "alltrails",
        "vertexCount": 202,
        "alltrails": {
          "desc": "Generated by AllTrails https://www.alltrails.com/",
          "sourceFile": "Sykes_Monkey_and_Lake_Trail_Loop.geojson"
        }
      },
      "geometry": {
        "type": "LineString",
        "coordinates": [
          [36.81919, -1.24078, 1688],
          [36.81918, -1.24079, 1688],
          [36.81924, -1.24065, 1687],
          [36.81935, -1.24025, 1687],
          [36.81944, -1.23995, 1689],
          [36.81948, -1.2396, 1689],
          [36.81951, -1.23944, 1690],
          [36.81953, -1.23922, 1691],
          [36.81953, -1.23909, 1692],
          [36.8195, -1.23897, 1693],
          [36.81935, -1.23861, 1696],
          [36.81935, -1.23851, 1696],
          [36.81938, -1.23836, 1697],
          [36.81944, -1.23806, 1698],
          [36.81951, -1.23789, 1698],
          [36.81962, -1.2377, 1699],
          [36.81966, -1.23762, 1699],
          [36.8198, -1.23745, 1700],
          [36.81993, -1.23727, 1701],
          [36.82002, -1.2371, 1702],
          [36.82016, -1.23691, 1702],
          [36.82026, -1.23674, 1702],
          [36.82035, -1.23659, 1701],
          [36.82045, -1.23647, 1701],
          [36.82058, -1.23624, 1701],
          [36.82076, -1.23603, 1701],
          [36.82088, -1.23583, 1703],
          [36.82096, -1.2357, 1704],
          [36.82104, -1.23557, 1705],
          [36.82106, -1.23555, 1705],
          [36.82124, -1.23508, 1704],
          [36.82133, -1.23485, 1703],
          [36.82136, -1.23475, 1703],
          [36.82143, -1.2346, 1702],
          [36.82161, -1.23438, 1701],
          [36.82182, -1.23414, 1700],
          [36.82191, -1.23404, 1700],
          [36.82229, -1.23378, 1699],
          [36.82268, -1.23351, 1697],
          [36.82274, -1.23334, 1698],
          [36.82274, -1.23325, 1698],
          [36.82276, -1.2331, 1698],
          [36.82276, -1.23294, 1697],
          [36.82272, -1.2328, 1695],
          [36.82271, -1.2327, 1693],
          [36.82268, -1.23262, 1692],
          [36.82266, -1.23247, 1690],
          [36.82261, -1.23234, 1689],
          [36.8226, -1.2323, 1689],
          [36.82255, -1.23217, 1688],
          [36.82245, -1.23206, 1689],
          [36.8224, -1.23202, 1690],
          [36.82224, -1.23185, 1690],
          [36.8222, -1.23183, 1690],
          [36.82208, -1.23169, 1689],
          [36.82191, -1.23161, 1689],
          [36.82186, -1.23158, 1688],
          [36.82184, -1.23157, 1688],
          [36.82176, -1.23151, 1688],
          [36.82192, -1.23152, 1687],
          [36.82201, -1.23156, 1687],
          [36.8221, -1.23161, 1687],
          [36.82239, -1.23169, 1687],
          [36.82247, -1.23175, 1687],
          [36.82258, -1.23182, 1686],
          [36.82266, -1.23189, 1684],
          [36.82291, -1.23204, 1682],
          [36.82295, -1.23208, 1682],
          [36.82309, -1.23216, 1682],
          [36.82322, -1.23227, 1683],
          [36.8233, -1.23237, 1685],
          [36.82341, -1.23254, 1686],
          [36.82346, -1.23264, 1688],
          [36.82356, -1.23278, 1688],
          [36.82364, -1.2329, 1687],
          [36.82393, -1.23326, 1682],
          [36.82414, -1.2335, 1678],
          [36.82422, -1.23355, 1677],
          [36.82433, -1.23364, 1678],
          [36.82438, -1.23366, 1677],
          [36.82439, -1.2337, 1677],
          [36.82445, -1.23375, 1677],
          [36.82452, -1.23379, 1677],
          [36.82459, -1.23385, 1677],
          [36.82471, -1.23396, 1677],
          [36.82478, -1.23403, 1677],
          [36.82484, -1.2341, 1678],
          [36.82488, -1.23417, 1679],
          [36.82494, -1.23423, 1680],
          [36.82503, -1.23426, 1681],
          [36.82523, -1.23431, 1680],
          [36.82544, -1.2344, 1680],
          [36.82562, -1.23452, 1680],
          [36.82591, -1.23466, 1676],
          [36.82616, -1.23476, 1672],
          [36.82623, -1.23476, 1670],
          [36.82626, -1.23471, 1668],
          [36.82629, -1.23464, 1668],
          [36.82636, -1.23472, 1666],
          [36.82653, -1.23484, 1668],
          [36.82693, -1.23507, 1671],
          [36.82713, -1.23526, 1672],
          [36.82737, -1.23546, 1672],
          [36.82758, -1.23567, 1673],
          [36.82775, -1.2358, 1672],
          [36.828, -1.23595, 1673],
          [36.82827, -1.23618, 1673],
          [36.82853, -1.23642, 1669],
          [36.82864, -1.23655, 1669],
          [36.82867, -1.23667, 1670],
          [36.82867, -1.23686, 1674],
          [36.82873, -1.23707, 1678],
          [36.82876, -1.23732, 1682],
          [36.82873, -1.23751, 1684],
          [36.82867, -1.23759, 1685],
          [36.82868, -1.23762, 1686],
          [36.82878, -1.23767, 1685],
          [36.82899, -1.23787, 1687],
          [36.82918, -1.2383, 1692],
          [36.82939, -1.23856, 1695],
          [36.82949, -1.23875, 1695],
          [36.82956, -1.23903, 1694],
          [36.82963, -1.2392, 1694],
          [36.82969, -1.23939, 1694],
          [36.82911, -1.23926, 1693],
          [36.82853, -1.23912, 1697],
          [36.82802, -1.23907, 1699],
          [36.8275, -1.23902, 1702],
          [36.8268, -1.23896, 1701],
          [36.82623, -1.23891, 1703],
          [36.82507, -1.2388, 1701],
          [36.82502, -1.23895, 1700],
          [36.82494, -1.23925, 1699],
          [36.82479, -1.23973, 1698],
          [36.82465, -1.24019, 1697],
          [36.82453, -1.24056, 1690],
          [36.82443, -1.24092, 1683],
          [36.82429, -1.24137, 1685],
          [36.82422, -1.24165, 1687],
          [36.8241, -1.24213, 1691],
          [36.82399, -1.24261, 1695],
          [36.82387, -1.24309, 1699],
          [36.82375, -1.24356, 1692],
          [36.82364, -1.24404, 1689],
          [36.82352, -1.24452, 1690],
          [36.8234, -1.24504, 1694],
          [36.82331, -1.24501, 1694],
          [36.82282, -1.24496, 1695],
          [36.82282, -1.24495, 1695],
          [36.82242, -1.24491, 1692],
          [36.82202, -1.24479, 1691],
          [36.82164, -1.24466, 1691],
          [36.82105, -1.24445, 1695],
          [36.82066, -1.24444, 1693],
          [36.82046, -1.24444, 1692],
          [36.82004, -1.24443, 1694],
          [36.8198, -1.24443, 1695],
          [36.81948, -1.24434, 1693],
          [36.81928, -1.24422, 1694],
          [36.81913, -1.24412, 1694],
          [36.81893, -1.24393, 1692],
          [36.81888, -1.24388, 1691],
          [36.81868, -1.24376, 1691],
          [36.81838, -1.24366, 1690],
          [36.81823, -1.24359, 1689],
          [36.81806, -1.24356, 1689],
          [36.81796, -1.24354, 1689],
          [36.81776, -1.24349, 1689],
          [36.81761, -1.24347, 1689],
          [36.8175, -1.24345, 1688],
          [36.81748, -1.24345, 1688],
          [36.81735, -1.24341, 1687],
          [36.81723, -1.24335, 1686],
          [36.81712, -1.24327, 1686],
          [36.81708, -1.24308, 1688],
          [36.8171, -1.24298, 1688],
          [36.81712, -1.24286, 1688],
          [36.81714, -1.24276, 1689],
          [36.81711, -1.24269, 1689],
          [36.81709, -1.24261, 1689],
          [36.81709, -1.24258, 1690],
          [36.81707, -1.2425, 1690],
          [36.817, -1.24239, 1690],
          [36.81713, -1.2422, 1691],
          [36.81727, -1.24202, 1691],
          [36.81742, -1.24191, 1690],
          [36.81757, -1.2418, 1690],
          [36.81761, -1.24177, 1690],
          [36.81766, -1.24172, 1690],
          [36.8178, -1.24165, 1691],
          [36.81787, -1.24165, 1691],
          [36.81793, -1.24158, 1691],
          [36.81796, -1.24144, 1692],
          [36.81808, -1.2414, 1692],
          [36.81852, -1.24126, 1691],
          [36.81864, -1.2412, 1691],
          [36.81868, -1.24118, 1691],
          [36.81883, -1.24108, 1690],
          [36.81908, -1.24088, 1689],
          [36.8191, -1.24082, 1688],
          [36.81918, -1.24079, 1688],
          [36.81919, -1.24078, 1688]
        ]
      }
    },
    {
      "type": "Feature",
      "id": "alltrails-sykes-monkey-trail-loop",
      "properties": {
        "slug": "alltrails-sykes-monkey-trail-loop",
        "name": "Sykes' Monkey Trail Loop",
        "source": "alltrails",
        "geometrySource": "alltrails",
        "vertexCount": 1259,
        "alltrails": {
          "desc": "Generated by AllTrails https://www.alltrails.com/",
          "sourceFile": "Sykes_Monkey_Trail_Loop.geojson"
        }
      },
      "geometry": {
        "type": "LineString",
        "coordinates": [
          [36.8192, -1.2407, 1688],
          [36.81919, -1.24072, 1688],
          [36.8192, -1.24069, 1688],
          [36.81922, -1.24069, 1688],
          [36.81923, -1.24065, 1687],
          [36.81926, -1.24064, 1687],
          [36.81927, -1.24059, 1687],
          [36.81929, -1.24055, 1687],
          [36.81931, -1.2405, 1687],
          [36.81933, -1.24044, 1687],
          [36.81935, -1.24038, 1687],
          [36.81936, -1.24035, 1687],
          [36.81937, -1.24034, 1687],
          [36.81937, -1.24033, 1687],
          [36.81937, -1.24032, 1687],
          [36.81938, -1.24031, 1687],
          [36.81938, -1.2403, 1687],
          [36.81939, -1.24028, 1687],
          [36.81939, -1.24027, 1687],
          [36.81939, -1.24024, 1687],
          [36.8194, -1.24022, 1688],
          [36.8194, -1.2402, 1688],
          [36.81941, -1.24016, 1688],
          [36.81941, -1.24013, 1688],
          [36.81942, -1.24012, 1688],
          [36.81942, -1.2401, 1688],
          [36.81943, -1.24007, 1689],
          [36.81943, -1.24004, 1689],
          [36.81944, -1.24, 1689],
          [36.81946, -1.23993, 1689],
          [36.81946, -1.2399, 1689],
          [36.81947, -1.23987, 1689],
          [36.81947, -1.23985, 1689],
          [36.81948, -1.23981, 1689],
          [36.81948, -1.23978, 1689],
          [36.81949, -1.23975, 1689],
          [36.81949, -1.23971, 1689],
          [36.8195, -1.23969, 1689],
          [36.8195, -1.23964, 1689],
          [36.81951, -1.23961, 1689],
          [36.81951, -1.23957, 1689],
          [36.81953, -1.23948, 1689],
          [36.81953, -1.23945, 1689],
          [36.81954, -1.23942, 1690],
          [36.81954, -1.23939, 1690],
          [36.81954, -1.23936, 1690],
          [36.81954, -1.23934, 1690],
          [36.81955, -1.23932, 1690],
          [36.81955, -1.23928, 1691],
          [36.81956, -1.23927, 1691],
          [36.81955, -1.23925, 1691],
          [36.81956, -1.23923, 1691],
          [36.81956, -1.23921, 1691],
          [36.81956, -1.23919, 1691],
          [36.81956, -1.23914, 1692],
          [36.81955, -1.23909, 1692],
          [36.81955, -1.23907, 1692],
          [36.81954, -1.23905, 1692],
          [36.81953, -1.239, 1693],
          [36.81952, -1.23896, 1693],
          [36.81951, -1.23892, 1693],
          [36.8195, -1.2389, 1693],
          [36.81949, -1.23889, 1693],
          [36.81946, -1.23881, 1693],
          [36.81946, -1.2388, 1694],
          [36.81944, -1.23874, 1694],
          [36.8194, -1.23867, 1695],
          [36.81938, -1.23861, 1696],
          [36.81937, -1.2386, 1696],
          [36.81937, -1.23858, 1696],
          [36.81936, -1.23855, 1696],
          [36.81936, -1.23851, 1696],
          [36.81937, -1.23848, 1696],
          [36.81938, -1.23845, 1696],
          [36.81939, -1.23843, 1696],
          [36.81941, -1.23842, 1696],
          [36.8194, -1.23836, 1697],
          [36.81941, -1.23831, 1697],
          [36.81942, -1.23825, 1697],
          [36.81943, -1.23819, 1697],
          [36.81943, -1.23813, 1697],
          [36.81945, -1.23808, 1697],
          [36.81948, -1.23802, 1698],
          [36.81948, -1.23796, 1698],
          [36.81951, -1.23791, 1698],
          [36.81953, -1.23785, 1699],
          [36.81955, -1.23779, 1699],
          [36.81957, -1.23774, 1699],
          [36.8196, -1.23768, 1699],
          [36.81964, -1.23763, 1699],
          [36.81968, -1.23758, 1699],
          [36.81971, -1.23755, 1700],
          [36.81972, -1.23754, 1700],
          [36.81976, -1.23749, 1700],
          [36.81981, -1.23745, 1700],
          [36.81985, -1.23741, 1701],
          [36.81988, -1.23735, 1701],
          [36.81992, -1.23729, 1701],
          [36.81995, -1.23724, 1702],
          [36.81999, -1.23718, 1702],
          [36.82, -1.23717, 1702],
          [36.82002, -1.23712, 1702],
          [36.82006, -1.23707, 1702],
          [36.82009, -1.23701, 1702],
          [36.82013, -1.23696, 1702],
          [36.82016, -1.2369, 1702],
          [36.8202, -1.23686, 1702],
          [36.82024, -1.23681, 1702],
          [36.82026, -1.2368, 1702],
          [36.82027, -1.23679, 1702],
          [36.82029, -1.23676, 1702],
          [36.82032, -1.23673, 1702],
          [36.82035, -1.23669, 1701],
          [36.82036, -1.23667, 1701],
          [36.82038, -1.23664, 1701],
          [36.82039, -1.23662, 1701],
          [36.82047, -1.23652, 1701],
          [36.8205, -1.23647, 1701],
          [36.82053, -1.23643, 1701],
          [36.82056, -1.2364, 1700],
          [36.82057, -1.23637, 1701],
          [36.82058, -1.23635, 1701],
          [36.8206, -1.23633, 1701],
          [36.82061, -1.23631, 1701],
          [36.82064, -1.23627, 1701],
          [36.82067, -1.23622, 1701],
          [36.82069, -1.23617, 1701],
          [36.82071, -1.23615, 1701],
          [36.82075, -1.23608, 1701],
          [36.82079, -1.23603, 1701],
          [36.8208, -1.23601, 1701],
          [36.82081, -1.23599, 1701],
          [36.82082, -1.23598, 1701],
          [36.82083, -1.23597, 1701],
          [36.82084, -1.23595, 1701],
          [36.82086, -1.23593, 1701],
          [36.82086, -1.23592, 1702],
          [36.82089, -1.23588, 1702],
          [36.8209, -1.23586, 1702],
          [36.8209, -1.23585, 1702],
          [36.82091, -1.23584, 1702],
          [36.82092, -1.23583, 1703],
          [36.82095, -1.23577, 1703],
          [36.82096, -1.23576, 1703],
          [36.82098, -1.2357, 1704],
          [36.82101, -1.23567, 1704],
          [36.82102, -1.23565, 1704],
          [36.82103, -1.23563, 1704],
          [36.82104, -1.23561, 1704],
          [36.82106, -1.23557, 1705],
          [36.82109, -1.23552, 1705],
          [36.82112, -1.23547, 1705],
          [36.82113, -1.23544, 1705],
          [36.82114, -1.2354, 1705],
          [36.82115, -1.23539, 1705],
          [36.82117, -1.23534, 1705],
          [36.82117, -1.23533, 1705],
          [36.82118, -1.23529, 1705],
          [36.82121, -1.23521, 1705],
          [36.82121, -1.2352, 1705],
          [36.82122, -1.23519, 1704],
          [36.82122, -1.23517, 1704],
          [36.82123, -1.23516, 1704],
          [36.82123, -1.23514, 1704],
          [36.82124, -1.23513, 1704],
          [36.82126, -1.23509, 1704],
          [36.82128, -1.23504, 1704],
          [36.8213, -1.23495, 1704],
          [36.82131, -1.23493, 1704],
          [36.82131, -1.23491, 1704],
          [36.82132, -1.2349, 1704],
          [36.82132, -1.23489, 1704],
          [36.82133, -1.23487, 1703],
          [36.82133, -1.23485, 1703],
          [36.82134, -1.23481, 1703],
          [36.82135, -1.23478, 1703],
          [36.82137, -1.23476, 1703],
          [36.82138, -1.23473, 1703],
          [36.82139, -1.23471, 1702],
          [36.8214, -1.2347, 1702],
          [36.8214, -1.23469, 1702],
          [36.82141, -1.23466, 1702],
          [36.82143, -1.23461, 1702],
          [36.82149, -1.23452, 1701],
          [36.82153, -1.23445, 1701],
          [36.82155, -1.23443, 1701],
          [36.82159, -1.23437, 1701],
          [36.82163, -1.23433, 1701],
          [36.82164, -1.23432, 1701],
          [36.82165, -1.23431, 1701],
          [36.82166, -1.2343, 1700],
          [36.82169, -1.23428, 1700],
          [36.82172, -1.23424, 1700],
          [36.82177, -1.2342, 1700],
          [36.82181, -1.23416, 1700],
          [36.82182, -1.23415, 1700],
          [36.82183, -1.23415, 1700],
          [36.82186, -1.23412, 1700],
          [36.8219, -1.23408, 1700],
          [36.82194, -1.23403, 1700],
          [36.82199, -1.234, 1700],
          [36.822, -1.23399, 1700],
          [36.82203, -1.23395, 1700],
          [36.82207, -1.23391, 1700],
          [36.82212, -1.23388, 1700],
          [36.82217, -1.23386, 1700],
          [36.82222, -1.23383, 1700],
          [36.82227, -1.2338, 1699],
          [36.82233, -1.23378, 1699],
          [36.82237, -1.23376, 1699],
          [36.82238, -1.23376, 1699],
          [36.82239, -1.23376, 1699],
          [36.8224, -1.23376, 1699],
          [36.8224, -1.23375, 1699],
          [36.82243, -1.23373, 1699],
          [36.82248, -1.2337, 1699],
          [36.82253, -1.23367, 1698],
          [36.82258, -1.23363, 1698],
          [36.82262, -1.23359, 1697],
          [36.82266, -1.23355, 1697],
          [36.8227, -1.2335, 1697],
          [36.82272, -1.23347, 1697],
          [36.82274, -1.23345, 1697],
          [36.82275, -1.23343, 1697],
          [36.82275, -1.23342, 1697],
          [36.82276, -1.2334, 1697],
          [36.82276, -1.23337, 1697],
          [36.82276, -1.23335, 1697],
          [36.82278, -1.2333, 1698],
          [36.82277, -1.23329, 1698],
          [36.82278, -1.23327, 1698],
          [36.82277, -1.23325, 1698],
          [36.82277, -1.23323, 1698],
          [36.82279, -1.23319, 1698],
          [36.82278, -1.23317, 1698],
          [36.82279, -1.23314, 1698],
          [36.82279, -1.23311, 1698],
          [36.82279, -1.23307, 1699],
          [36.82278, -1.23305, 1698],
          [36.82278, -1.23302, 1698],
          [36.82278, -1.23301, 1698],
          [36.82277, -1.233, 1698],
          [36.82277, -1.23299, 1698],
          [36.82277, -1.23298, 1697],
          [36.82276, -1.23296, 1697],
          [36.82276, -1.23295, 1697],
          [36.82275, -1.23293, 1697],
          [36.82275, -1.23287, 1696],
          [36.82274, -1.23281, 1695],
          [36.82272, -1.23275, 1694],
          [36.82272, -1.2327, 1693],
          [36.82271, -1.23264, 1692],
          [36.82269, -1.23258, 1691],
          [36.82269, -1.23254, 1691],
          [36.82269, -1.23253, 1691],
          [36.82269, -1.23252, 1690],
          [36.82269, -1.23251, 1690],
          [36.82268, -1.23249, 1690],
          [36.82268, -1.23248, 1690],
          [36.82268, -1.23246, 1690],
          [36.82266, -1.2324, 1689],
          [36.82264, -1.23235, 1689],
          [36.82262, -1.23229, 1688],
          [36.82258, -1.23224, 1689],
          [36.82254, -1.23219, 1689],
          [36.82251, -1.23214, 1689],
          [36.82251, -1.23213, 1689],
          [36.8225, -1.23212, 1689],
          [36.82248, -1.2321, 1689],
          [36.82247, -1.23207, 1689],
          [36.82245, -1.23204, 1689],
          [36.82243, -1.23201, 1689],
          [36.82238, -1.23196, 1689],
          [36.82235, -1.23194, 1690],
          [36.82234, -1.23193, 1690],
          [36.82233, -1.2319, 1689],
          [36.82231, -1.23188, 1689],
          [36.82229, -1.23187, 1689],
          [36.82228, -1.23186, 1689],
          [36.82227, -1.23184, 1689],
          [36.82224, -1.23181, 1689],
          [36.8222, -1.23179, 1689],
          [36.82218, -1.23178, 1689],
          [36.82217, -1.23177, 1689],
          [36.82214, -1.23176, 1689],
          [36.82212, -1.23174, 1689],
          [36.82203, -1.23167, 1689],
          [36.82199, -1.23164, 1689],
          [36.82195, -1.23161, 1688],
          [36.8219, -1.23159, 1688],
          [36.82185, -1.23157, 1688],
          [36.82185, -1.23152, 1687],
          [36.82186, -1.23152, 1687],
          [36.82188, -1.23151, 1687],
          [36.82189, -1.23151, 1687],
          [36.8219, -1.23151, 1687],
          [36.82191, -1.23151, 1686],
          [36.82193, -1.23151, 1686],
          [36.82195, -1.23151, 1686],
          [36.82197, -1.23152, 1686],
          [36.82199, -1.23153, 1686],
          [36.82202, -1.23154, 1686],
          [36.82205, -1.23156, 1687],
          [36.82209, -1.23156, 1686],
          [36.82214, -1.23159, 1687],
          [36.82216, -1.23159, 1687],
          [36.82218, -1.2316, 1687],
          [36.8222, -1.2316, 1687],
          [36.82223, -1.23162, 1687],
          [36.82226, -1.23162, 1687],
          [36.82229, -1.23164, 1687],
          [36.82231, -1.23165, 1687],
          [36.82232, -1.23165, 1687],
          [36.82233, -1.23166, 1688],
          [36.82234, -1.23167, 1688],
          [36.82235, -1.23167, 1688],
          [36.82236, -1.23167, 1688],
          [36.82237, -1.23168, 1688],
          [36.8224, -1.23169, 1687],
          [36.82245, -1.23172, 1687],
          [36.82246, -1.23172, 1687],
          [36.82248, -1.23174, 1687],
          [36.82252, -1.23176, 1687],
          [36.82254, -1.23177, 1686],
          [36.82255, -1.23177, 1686],
          [36.82257, -1.23178, 1686],
          [36.82263, -1.23182, 1684],
          [36.82266, -1.23185, 1684],
          [36.82268, -1.23186, 1683],
          [36.82269, -1.23188, 1683],
          [36.8227, -1.23188, 1683],
          [36.82271, -1.23189, 1683],
          [36.82272, -1.2319, 1683],
          [36.82273, -1.23191, 1682],
          [36.82274, -1.23192, 1682],
          [36.82275, -1.23192, 1682],
          [36.82276, -1.23193, 1682],
          [36.82278, -1.23194, 1681],
          [36.82279, -1.23195, 1681],
          [36.8228, -1.23195, 1681],
          [36.82284, -1.23198, 1681],
          [36.82285, -1.23199, 1681],
          [36.82286, -1.23199, 1681],
          [36.82288, -1.232, 1681],
          [36.82292, -1.23203, 1681],
          [36.82293, -1.23203, 1681],
          [36.82297, -1.23206, 1681],
          [36.82302, -1.23209, 1681],
          [36.82305, -1.23211, 1682],
          [36.82307, -1.23212, 1682],
          [36.8231, -1.23214, 1682],
          [36.82311, -1.23215, 1682],
          [36.82312, -1.23216, 1682],
          [36.82313, -1.23217, 1682],
          [36.82314, -1.23217, 1682],
          [36.82315, -1.23218, 1682],
          [36.82315, -1.23219, 1682],
          [36.82316, -1.23222, 1682],
          [36.82318, -1.23224, 1683],
          [36.82319, -1.23227, 1683],
          [36.82323, -1.23232, 1684],
          [36.82327, -1.23236, 1685],
          [36.82331, -1.23241, 1685],
          [36.82335, -1.23246, 1686],
          [36.82338, -1.2325, 1686],
          [36.82339, -1.23251, 1686],
          [36.82341, -1.23253, 1686],
          [36.82342, -1.23254, 1686],
          [36.82342, -1.23255, 1686],
          [36.82343, -1.23256, 1686],
          [36.82343, -1.23257, 1687],
          [36.82345, -1.23261, 1687],
          [36.82346, -1.23262, 1687],
          [36.82349, -1.23267, 1687],
          [36.82352, -1.23271, 1687],
          [36.82353, -1.23272, 1687],
          [36.82354, -1.23273, 1687],
          [36.82356, -1.23275, 1687],
          [36.82357, -1.23277, 1687],
          [36.82359, -1.2328, 1687],
          [36.82361, -1.23282, 1687],
          [36.82365, -1.23287, 1686],
          [36.82367, -1.23289, 1686],
          [36.82369, -1.23291, 1686],
          [36.8237, -1.23292, 1686],
          [36.82371, -1.23293, 1685],
          [36.82372, -1.23295, 1685],
          [36.82373, -1.23297, 1685],
          [36.82374, -1.23299, 1686],
          [36.82376, -1.23303, 1686],
          [36.8238, -1.23308, 1685],
          [36.82385, -1.23307, 1683],
          [36.82389, -1.23306, 1681],
          [36.82392, -1.23302, 1680],
          [36.82396, -1.233, 1679],
          [36.824, -1.23299, 1678],
          [36.82401, -1.23299, 1678],
          [36.82402, -1.23299, 1678],
          [36.82404, -1.23298, 1677],
          [36.82405, -1.23298, 1677],
          [36.82406, -1.23298, 1677],
          [36.82407, -1.23297, 1677],
          [36.82408, -1.23297, 1677],
          [36.8241, -1.23296, 1676],
          [36.82412, -1.23293, 1676],
          [36.82413, -1.23292, 1676],
          [36.82413, -1.23287, 1675],
          [36.82414, -1.23285, 1675],
          [36.82419, -1.23284, 1675],
          [36.82423, -1.23284, 1674],
          [36.82427, -1.23288, 1674],
          [36.8243, -1.23294, 1674],
          [36.82432, -1.23299, 1674],
          [36.82432, -1.233, 1674],
          [36.82433, -1.23303, 1674],
          [36.82434, -1.23304, 1674],
          [36.82434, -1.23305, 1674],
          [36.82434, -1.23306, 1674],
          [36.82435, -1.23309, 1674],
          [36.82435, -1.23312, 1674],
          [36.82436, -1.23313, 1674],
          [36.82436, -1.23314, 1674],
          [36.82437, -1.23318, 1674],
          [36.82436, -1.2332, 1674],
          [36.82435, -1.23321, 1674],
          [36.82434, -1.23324, 1674],
          [36.82434, -1.23326, 1674],
          [36.82434, -1.23327, 1674],
          [36.82433, -1.2333, 1674],
          [36.82433, -1.23336, 1674],
          [36.82434, -1.23339, 1675],
          [36.82434, -1.23342, 1675],
          [36.82433, -1.23344, 1675],
          [36.82434, -1.23345, 1675],
          [36.82434, -1.23346, 1675],
          [36.82435, -1.23348, 1676],
          [36.82435, -1.23349, 1676],
          [36.82436, -1.23351, 1676],
          [36.82436, -1.23352, 1676],
          [36.82436, -1.23354, 1676],
          [36.82436, -1.23357, 1677],
          [36.82436, -1.23358, 1677],
          [36.82437, -1.23364, 1677],
          [36.82439, -1.23368, 1677],
          [36.82444, -1.23372, 1677],
          [36.82449, -1.23376, 1677],
          [36.82453, -1.2338, 1677],
          [36.82455, -1.23383, 1677],
          [36.82457, -1.23385, 1677],
          [36.82458, -1.23385, 1677],
          [36.82458, -1.23386, 1677],
          [36.8246, -1.23387, 1677],
          [36.82462, -1.23387, 1677],
          [36.82463, -1.23388, 1677],
          [36.82465, -1.23388, 1677],
          [36.82466, -1.23389, 1677],
          [36.82468, -1.23392, 1677],
          [36.82469, -1.23393, 1677],
          [36.82471, -1.23394, 1677],
          [36.82473, -1.23396, 1677],
          [36.82473, -1.23397, 1677],
          [36.82475, -1.23398, 1677],
          [36.82475, -1.234, 1677],
          [36.82478, -1.23402, 1677],
          [36.82478, -1.23403, 1677],
          [36.82479, -1.23403, 1677],
          [36.82479, -1.23404, 1677],
          [36.82481, -1.23405, 1678],
          [36.82484, -1.23408, 1678],
          [36.82486, -1.23411, 1678],
          [36.82487, -1.23412, 1678],
          [36.82487, -1.23413, 1679],
          [36.82488, -1.23414, 1679],
          [36.8249, -1.23416, 1679],
          [36.82491, -1.23417, 1679],
          [36.82492, -1.23418, 1679],
          [36.82494, -1.2342, 1680],
          [36.82496, -1.23422, 1680],
          [36.82497, -1.23423, 1680],
          [36.82498, -1.23424, 1681],
          [36.82501, -1.23426, 1681],
          [36.82503, -1.23427, 1681],
          [36.82506, -1.23427, 1681],
          [36.82509, -1.23428, 1681],
          [36.8251, -1.23428, 1681],
          [36.82511, -1.23428, 1681],
          [36.82513, -1.23429, 1681],
          [36.82517, -1.23431, 1681],
          [36.82519, -1.23431, 1681],
          [36.82521, -1.23433, 1681],
          [36.82524, -1.23434, 1681],
          [36.82527, -1.23435, 1681],
          [36.82529, -1.23435, 1680],
          [36.8253, -1.23436, 1680],
          [36.82532, -1.23436, 1680],
          [36.82534, -1.23438, 1680],
          [36.82536, -1.23438, 1680],
          [36.82538, -1.23439, 1680],
          [36.8254, -1.2344, 1680],
          [36.82542, -1.23441, 1680],
          [36.82545, -1.23442, 1680],
          [36.82548, -1.23444, 1680],
          [36.8255, -1.23444, 1680],
          [36.82551, -1.23445, 1680],
          [36.82554, -1.23446, 1680],
          [36.82556, -1.23448, 1680],
          [36.82561, -1.23451, 1680],
          [36.82564, -1.23452, 1679],
          [36.82566, -1.23454, 1679],
          [36.82568, -1.23455, 1679],
          [36.8257, -1.23456, 1679],
          [36.82572, -1.23457, 1678],
          [36.82573, -1.23458, 1678],
          [36.82574, -1.23458, 1678],
          [36.82575, -1.23459, 1678],
          [36.82576, -1.23459, 1678],
          [36.82577, -1.2346, 1678],
          [36.82578, -1.2346, 1678],
          [36.82579, -1.2346, 1677],
          [36.82581, -1.23461, 1677],
          [36.82582, -1.23461, 1677],
          [36.82583, -1.23461, 1677],
          [36.82584, -1.23461, 1677],
          [36.82588, -1.23463, 1676],
          [36.8259, -1.23464, 1676],
          [36.82594, -1.23466, 1675],
          [36.82596, -1.23467, 1675],
          [36.82597, -1.23467, 1674],
          [36.82602, -1.23469, 1673],
          [36.82605, -1.2347, 1673],
          [36.8261, -1.23472, 1672],
          [36.82611, -1.23473, 1672],
          [36.82613, -1.23473, 1671],
          [36.82616, -1.23474, 1671],
          [36.82617, -1.23475, 1671],
          [36.82619, -1.23475, 1671],
          [36.8262, -1.23475, 1671],
          [36.82621, -1.23475, 1670],
          [36.82623, -1.23474, 1670],
          [36.82626, -1.23471, 1668],
          [36.82627, -1.23469, 1668],
          [36.82629, -1.23466, 1668],
          [36.8263, -1.23465, 1668],
          [36.82631, -1.23461, 1668],
          [36.82631, -1.2346, 1668],
          [36.82632, -1.23459, 1668],
          [36.82633, -1.23456, 1668],
          [36.82634, -1.23454, 1668],
          [36.82635, -1.23449, 1668],
          [36.82636, -1.23447, 1669],
          [36.82636, -1.23445, 1669],
          [36.82636, -1.23444, 1669],
          [36.82637, -1.23443, 1669],
          [36.8264, -1.23441, 1669],
          [36.82641, -1.2344, 1669],
          [36.82642, -1.23439, 1669],
          [36.82643, -1.23438, 1669],
          [36.82644, -1.23437, 1669],
          [36.82646, -1.23437, 1669],
          [36.82648, -1.23436, 1669],
          [36.82652, -1.23434, 1668],
          [36.82654, -1.23434, 1668],
          [36.82657, -1.23434, 1668],
          [36.82661, -1.23434, 1668],
          [36.82664, -1.23434, 1667],
          [36.82671, -1.23438, 1666],
          [36.82674, -1.23439, 1666],
          [36.8268, -1.23441, 1666],
          [36.82683, -1.23444, 1665],
          [36.82684, -1.23445, 1665],
          [36.82685, -1.23446, 1665],
          [36.82686, -1.23449, 1665],
          [36.82687, -1.2345, 1665],
          [36.82687, -1.23451, 1665],
          [36.8269, -1.23457, 1664],
          [36.8269, -1.23458, 1664],
          [36.82694, -1.23463, 1664],
          [36.82697, -1.23469, 1665],
          [36.82701, -1.23474, 1665],
          [36.82704, -1.23479, 1665],
          [36.82706, -1.2348, 1665],
          [36.82708, -1.23482, 1666],
          [36.82709, -1.23482, 1666],
          [36.8271, -1.23483, 1666],
          [36.82711, -1.23484, 1666],
          [36.82712, -1.23484, 1666],
          [36.82714, -1.23486, 1666],
          [36.82715, -1.23487, 1666],
          [36.82719, -1.23488, 1665],
          [36.82723, -1.23491, 1665],
          [36.82724, -1.23492, 1665],
          [36.82725, -1.23493, 1665],
          [36.82729, -1.23495, 1664],
          [36.82732, -1.23496, 1664],
          [36.82735, -1.23497, 1664],
          [36.8274, -1.235, 1663],
          [36.82744, -1.23501, 1663],
          [36.82746, -1.23502, 1662],
          [36.82747, -1.23502, 1662],
          [36.82751, -1.23505, 1662],
          [36.82753, -1.23506, 1662],
          [36.82756, -1.23507, 1662],
          [36.82757, -1.23508, 1662],
          [36.82761, -1.23511, 1662],
          [36.82764, -1.23513, 1662],
          [36.82766, -1.23514, 1662],
          [36.82771, -1.23517, 1663],
          [36.82776, -1.2352, 1663],
          [36.8278, -1.23525, 1663],
          [36.82782, -1.23529, 1663],
          [36.82783, -1.23531, 1663],
          [36.82784, -1.23534, 1664],
          [36.82784, -1.23535, 1664],
          [36.82784, -1.23536, 1664],
          [36.82784, -1.23538, 1664],
          [36.82785, -1.23538, 1664],
          [36.82785, -1.23541, 1664],
          [36.82785, -1.23542, 1664],
          [36.82785, -1.23543, 1664],
          [36.82787, -1.23548, 1664],
          [36.82789, -1.23551, 1664],
          [36.82791, -1.23553, 1664],
          [36.82795, -1.23557, 1664],
          [36.828, -1.2356, 1664],
          [36.82804, -1.23564, 1664],
          [36.82808, -1.23568, 1665],
          [36.82809, -1.23568, 1665],
          [36.82813, -1.2357, 1665],
          [36.82814, -1.23571, 1665],
          [36.82816, -1.23572, 1665],
          [36.82819, -1.23574, 1666],
          [36.8282, -1.23575, 1666],
          [36.82824, -1.23577, 1666],
          [36.82828, -1.23578, 1666],
          [36.82829, -1.23579, 1666],
          [36.8283, -1.23579, 1666],
          [36.82833, -1.23581, 1666],
          [36.82835, -1.23582, 1666],
          [36.82837, -1.23583, 1666],
          [36.8284, -1.23584, 1665],
          [36.82846, -1.23587, 1664],
          [36.82848, -1.23589, 1664],
          [36.82849, -1.23589, 1664],
          [36.8285, -1.2359, 1664],
          [36.82851, -1.2359, 1664],
          [36.82853, -1.23591, 1663],
          [36.82854, -1.23592, 1663],
          [36.82856, -1.23593, 1663],
          [36.82857, -1.23594, 1663],
          [36.82857, -1.23595, 1663],
          [36.82858, -1.23597, 1663],
          [36.82859, -1.23599, 1663],
          [36.82863, -1.23604, 1663],
          [36.82864, -1.23606, 1663],
          [36.82866, -1.2361, 1664],
          [36.8287, -1.23616, 1664],
          [36.82873, -1.23622, 1664],
          [36.82876, -1.23627, 1664],
          [36.82877, -1.23628, 1664],
          [36.8288, -1.23631, 1664],
          [36.8288, -1.23632, 1664],
          [36.82882, -1.23635, 1665],
          [36.82884, -1.23638, 1665],
          [36.82885, -1.23639, 1665],
          [36.82889, -1.23641, 1665],
          [36.82893, -1.23643, 1664],
          [36.82894, -1.23643, 1664],
          [36.82899, -1.23646, 1664],
          [36.82904, -1.2365, 1664],
          [36.82909, -1.23652, 1663],
          [36.82912, -1.23655, 1663],
          [36.82913, -1.23656, 1663],
          [36.82914, -1.23657, 1663],
          [36.82916, -1.23657, 1663],
          [36.82918, -1.23657, 1663],
          [36.8292, -1.23657, 1663],
          [36.82921, -1.23658, 1663],
          [36.82922, -1.23658, 1663],
          [36.82924, -1.23659, 1663],
          [36.82926, -1.2366, 1663],
          [36.82932, -1.2366, 1662],
          [36.82934, -1.23662, 1663],
          [36.82935, -1.23663, 1663],
          [36.82937, -1.23664, 1663],
          [36.82939, -1.23665, 1663],
          [36.82942, -1.23667, 1663],
          [36.82945, -1.2367, 1663],
          [36.82946, -1.23671, 1663],
          [36.82948, -1.23677, 1664],
          [36.82947, -1.23679, 1665],
          [36.82946, -1.2368, 1665],
          [36.82945, -1.23681, 1665],
          [36.82943, -1.23683, 1666],
          [36.82941, -1.23685, 1666],
          [36.8294, -1.23686, 1666],
          [36.82936, -1.23689, 1667],
          [36.82932, -1.23694, 1669],
          [36.82931, -1.23697, 1669],
          [36.82929, -1.23699, 1670],
          [36.82925, -1.23702, 1671],
          [36.82921, -1.237, 1671],
          [36.82915, -1.23699, 1672],
          [36.82912, -1.23697, 1672],
          [36.8291, -1.23696, 1672],
          [36.82907, -1.23694, 1671],
          [36.82906, -1.23694, 1672],
          [36.82905, -1.23693, 1671],
          [36.82902, -1.23692, 1671],
          [36.82899, -1.23691, 1672],
          [36.82898, -1.23691, 1672],
          [36.82897, -1.2369, 1672],
          [36.82894, -1.23688, 1671],
          [36.82889, -1.23686, 1671],
          [36.82888, -1.23686, 1671],
          [36.82883, -1.23684, 1672],
          [36.82879, -1.23678, 1671],
          [36.82875, -1.23674, 1671],
          [36.82872, -1.23671, 1670],
          [36.8287, -1.23673, 1671],
          [36.8287, -1.23676, 1672],
          [36.8287, -1.23679, 1672],
          [36.8287, -1.2368, 1673],
          [36.8287, -1.23685, 1674],
          [36.82873, -1.23691, 1674],
          [36.82873, -1.23694, 1675],
          [36.82873, -1.23697, 1676],
          [36.82874, -1.23698, 1676],
          [36.82875, -1.23702, 1677],
          [36.82875, -1.23703, 1677],
          [36.82876, -1.23707, 1678],
          [36.82877, -1.23708, 1678],
          [36.82878, -1.23714, 1679],
          [36.82878, -1.23716, 1680],
          [36.82878, -1.23717, 1680],
          [36.82878, -1.2372, 1681],
          [36.82879, -1.23722, 1681],
          [36.8288, -1.23725, 1681],
          [36.8288, -1.23726, 1681],
          [36.82881, -1.23729, 1681],
          [36.82881, -1.23731, 1681],
          [36.82881, -1.23732, 1682],
          [36.82881, -1.23736, 1682],
          [36.82881, -1.23739, 1682],
          [36.82881, -1.23742, 1683],
          [36.82881, -1.23743, 1683],
          [36.82881, -1.23745, 1683],
          [36.82877, -1.2375, 1684],
          [36.82877, -1.23751, 1684],
          [36.82876, -1.23753, 1684],
          [36.82875, -1.23755, 1684],
          [36.82875, -1.23757, 1685],
          [36.82875, -1.23759, 1685],
          [36.82876, -1.23761, 1685],
          [36.82876, -1.23762, 1685],
          [36.82877, -1.23763, 1685],
          [36.8288, -1.23765, 1685],
          [36.8288, -1.23766, 1685],
          [36.82881, -1.23767, 1685],
          [36.82884, -1.23769, 1685],
          [36.82886, -1.23771, 1686],
          [36.82889, -1.23773, 1686],
          [36.8289, -1.23775, 1686],
          [36.82892, -1.23777, 1686],
          [36.82893, -1.23778, 1687],
          [36.82894, -1.23779, 1687],
          [36.82895, -1.2378, 1687],
          [36.82896, -1.23782, 1687],
          [36.82897, -1.23783, 1687],
          [36.82899, -1.23785, 1687],
          [36.829, -1.23787, 1687],
          [36.82901, -1.23788, 1687],
          [36.82902, -1.2379, 1687],
          [36.82905, -1.23794, 1687],
          [36.82905, -1.23795, 1687],
          [36.82905, -1.23797, 1687],
          [36.82906, -1.23798, 1687],
          [36.82907, -1.238, 1687],
          [36.82908, -1.23801, 1687],
          [36.82908, -1.23803, 1687],
          [36.82909, -1.23805, 1687],
          [36.82909, -1.23806, 1688],
          [36.8291, -1.23807, 1688],
          [36.82911, -1.23809, 1688],
          [36.82911, -1.23811, 1688],
          [36.82912, -1.23813, 1689],
          [36.82913, -1.23815, 1689],
          [36.82913, -1.23816, 1689],
          [36.82914, -1.23818, 1690],
          [36.82916, -1.23823, 1691],
          [36.82916, -1.23824, 1691],
          [36.82917, -1.23827, 1691],
          [36.82918, -1.23829, 1692],
          [36.82921, -1.23835, 1693],
          [36.82923, -1.23839, 1693],
          [36.82923, -1.2384, 1693],
          [36.82923, -1.23841, 1693],
          [36.82924, -1.23842, 1694],
          [36.82927, -1.23845, 1694],
          [36.82931, -1.23849, 1694],
          [36.82932, -1.23849, 1694],
          [36.82935, -1.23853, 1695],
          [36.82937, -1.23855, 1695],
          [36.82939, -1.23856, 1695],
          [36.82943, -1.23861, 1695],
          [36.82944, -1.23864, 1695],
          [36.82946, -1.2387, 1695],
          [36.82947, -1.23873, 1695],
          [36.82947, -1.23875, 1695],
          [36.82948, -1.23878, 1695],
          [36.82949, -1.23881, 1695],
          [36.8295, -1.23884, 1695],
          [36.8295, -1.23886, 1695],
          [36.82951, -1.23888, 1695],
          [36.82951, -1.23891, 1695],
          [36.82952, -1.23895, 1694],
          [36.82952, -1.23898, 1694],
          [36.82953, -1.239, 1694],
          [36.82955, -1.23906, 1694],
          [36.82956, -1.23908, 1693],
          [36.82958, -1.23912, 1693],
          [36.82959, -1.23915, 1693],
          [36.82959, -1.23916, 1693],
          [36.8296, -1.23919, 1693],
          [36.82962, -1.23921, 1693],
          [36.82964, -1.23923, 1694],
          [36.82965, -1.23924, 1694],
          [36.82967, -1.23926, 1694],
          [36.82969, -1.23927, 1694],
          [36.8297, -1.23928, 1694],
          [36.82973, -1.23929, 1695],
          [36.82975, -1.23932, 1695],
          [36.82976, -1.23933, 1695],
          [36.82976, -1.23938, 1695],
          [36.82974, -1.23939, 1695],
          [36.82971, -1.2394, 1694],
          [36.8297, -1.2394, 1694],
          [36.82967, -1.23939, 1694],
          [36.82966, -1.23939, 1694],
          [36.82962, -1.23938, 1694],
          [36.82962, -1.23937, 1694],
          [36.82961, -1.23937, 1694],
          [36.82956, -1.23935, 1693],
          [36.82954, -1.23935, 1693],
          [36.82952, -1.23934, 1693],
          [36.8295, -1.23934, 1693],
          [36.82949, -1.23934, 1693],
          [36.82948, -1.23934, 1692],
          [36.82946, -1.23933, 1692],
          [36.82944, -1.23932, 1692],
          [36.82941, -1.23931, 1692],
          [36.82939, -1.23929, 1692],
          [36.82936, -1.23928, 1692],
          [36.82935, -1.23928, 1692],
          [36.82931, -1.23926, 1692],
          [36.82928, -1.23926, 1692],
          [36.82926, -1.23924, 1692],
          [36.82925, -1.23925, 1692],
          [36.82925, -1.23924, 1692],
          [36.82924, -1.23924, 1693],
          [36.82919, -1.23923, 1693],
          [36.82917, -1.23923, 1693],
          [36.82915, -1.23922, 1693],
          [36.82909, -1.23922, 1693],
          [36.82905, -1.23921, 1694],
          [36.82905, -1.2392, 1694],
          [36.82904, -1.2392, 1694],
          [36.82903, -1.23919, 1694],
          [36.82901, -1.23919, 1694],
          [36.829, -1.2392, 1694],
          [36.82898, -1.2392, 1695],
          [36.82896, -1.23919, 1695],
          [36.82893, -1.23919, 1695],
          [36.82892, -1.23918, 1695],
          [36.8289, -1.23918, 1695],
          [36.82884, -1.23916, 1696],
          [36.8288, -1.23916, 1696],
          [36.82877, -1.23916, 1696],
          [36.82871, -1.23915, 1696],
          [36.82867, -1.23914, 1696],
          [36.82865, -1.23913, 1696],
          [36.82862, -1.23912, 1696],
          [36.8286, -1.23912, 1697],
          [36.82859, -1.23912, 1697],
          [36.82853, -1.2391, 1697],
          [36.82848, -1.23909, 1697],
          [36.82847, -1.23909, 1697],
          [36.82846, -1.23909, 1697],
          [36.82842, -1.23909, 1697],
          [36.8284, -1.23909, 1697],
          [36.82837, -1.23909, 1697],
          [36.82833, -1.23908, 1697],
          [36.82829, -1.23908, 1697],
          [36.82826, -1.23908, 1697],
          [36.82823, -1.23908, 1697],
          [36.8282, -1.23908, 1697],
          [36.82818, -1.23908, 1698],
          [36.82813, -1.23907, 1698],
          [36.82809, -1.23907, 1698],
          [36.82806, -1.23907, 1698],
          [36.82799, -1.23907, 1699],
          [36.82793, -1.23906, 1699],
          [36.82786, -1.23906, 1700],
          [36.8278, -1.23904, 1700],
          [36.82774, -1.23903, 1701],
          [36.82773, -1.23903, 1701],
          [36.82772, -1.23902, 1701],
          [36.82768, -1.23901, 1701],
          [36.82767, -1.23901, 1701],
          [36.82766, -1.23901, 1701],
          [36.82763, -1.239, 1701],
          [36.8276, -1.23901, 1701],
          [36.82759, -1.23901, 1701],
          [36.82758, -1.23902, 1702],
          [36.82754, -1.23903, 1702],
          [36.82753, -1.23903, 1702],
          [36.82752, -1.23903, 1702],
          [36.82751, -1.23903, 1702],
          [36.82745, -1.23904, 1702],
          [36.8274, -1.23904, 1702],
          [36.82739, -1.23904, 1701],
          [36.82732, -1.23903, 1701],
          [36.82725, -1.23903, 1701],
          [36.8272, -1.23903, 1701],
          [36.82718, -1.23903, 1701],
          [36.82712, -1.23902, 1700],
          [36.82705, -1.23902, 1700],
          [36.82702, -1.23902, 1700],
          [36.82698, -1.23902, 1700],
          [36.82697, -1.23902, 1700],
          [36.82692, -1.23901, 1701],
          [36.82691, -1.23901, 1701],
          [36.82689, -1.23901, 1701],
          [36.82685, -1.23901, 1701],
          [36.82683, -1.23901, 1701],
          [36.8268, -1.23901, 1701],
          [36.82679, -1.23901, 1701],
          [36.82678, -1.239, 1701],
          [36.82676, -1.23899, 1702],
          [36.82675, -1.23898, 1702],
          [36.82673, -1.23898, 1702],
          [36.82669, -1.23898, 1702],
          [36.82665, -1.23897, 1702],
          [36.82662, -1.23897, 1702],
          [36.82661, -1.23898, 1702],
          [36.82659, -1.23897, 1702],
          [36.82657, -1.23897, 1702],
          [36.8265, -1.23896, 1703],
          [36.82644, -1.23896, 1703],
          [36.82639, -1.23895, 1703],
          [36.82635, -1.23895, 1703],
          [36.82633, -1.23894, 1703],
          [36.82632, -1.23894, 1703],
          [36.8263, -1.23894, 1703],
          [36.82629, -1.23894, 1703],
          [36.82627, -1.23894, 1703],
          [36.82624, -1.23894, 1703],
          [36.8262, -1.23893, 1703],
          [36.82615, -1.23893, 1703],
          [36.82611, -1.23893, 1703],
          [36.82607, -1.23893, 1703],
          [36.82605, -1.23893, 1703],
          [36.82601, -1.23892, 1703],
          [36.82599, -1.23892, 1703],
          [36.82597, -1.23891, 1703],
          [36.82595, -1.23891, 1703],
          [36.82592, -1.2389, 1703],
          [36.82589, -1.23891, 1702],
          [36.82588, -1.23891, 1702],
          [36.82587, -1.23891, 1702],
          [36.82586, -1.23891, 1702],
          [36.82585, -1.23891, 1702],
          [36.82583, -1.2389, 1702],
          [36.8258, -1.2389, 1702],
          [36.82577, -1.23889, 1702],
          [36.82575, -1.23889, 1702],
          [36.82572, -1.23889, 1702],
          [36.8257, -1.23888, 1703],
          [36.82567, -1.23888, 1703],
          [36.82564, -1.23887, 1703],
          [36.82563, -1.23888, 1703],
          [36.82562, -1.23888, 1703],
          [36.82559, -1.23887, 1703],
          [36.82558, -1.23887, 1703],
          [36.82555, -1.23886, 1703],
          [36.8255, -1.23886, 1703],
          [36.82547, -1.23885, 1703],
          [36.82545, -1.23885, 1703],
          [36.82542, -1.23884, 1703],
          [36.8254, -1.23884, 1703],
          [36.82538, -1.23884, 1703],
          [36.82535, -1.23883, 1703],
          [36.82534, -1.23883, 1703],
          [36.82532, -1.23883, 1703],
          [36.82529, -1.23882, 1703],
          [36.82525, -1.23882, 1703],
          [36.82524, -1.23882, 1703],
          [36.8252, -1.23882, 1702],
          [36.82518, -1.23881, 1702],
          [36.82514, -1.23881, 1702],
          [36.82509, -1.23881, 1701],
          [36.82505, -1.23881, 1701],
          [36.82502, -1.23881, 1701],
          [36.82496, -1.2388, 1700],
          [36.82495, -1.2388, 1700],
          [36.82493, -1.2388, 1700],
          [36.82489, -1.2388, 1699],
          [36.82488, -1.2388, 1699],
          [36.82487, -1.2388, 1699],
          [36.82482, -1.2388, 1699],
          [36.82479, -1.2388, 1698],
          [36.82478, -1.2388, 1698],
          [36.82475, -1.2388, 1698],
          [36.82472, -1.2388, 1697],
          [36.82471, -1.23879, 1698],
          [36.82469, -1.23879, 1698],
          [36.82462, -1.23879, 1698],
          [36.82457, -1.23878, 1698],
          [36.82455, -1.23878, 1698],
          [36.82448, -1.23878, 1698],
          [36.82446, -1.23878, 1698],
          [36.82442, -1.23877, 1698],
          [36.8244, -1.23876, 1698],
          [36.82436, -1.23875, 1699],
          [36.82432, -1.23874, 1699],
          [36.8243, -1.23874, 1699],
          [36.82424, -1.23872, 1699],
          [36.82423, -1.23872, 1699],
          [36.82418, -1.23871, 1699],
          [36.82411, -1.23871, 1699],
          [36.82408, -1.23871, 1700],
          [36.82405, -1.2387, 1700],
          [36.82401, -1.23869, 1700],
          [36.82399, -1.23869, 1701],
          [36.82396, -1.23868, 1701],
          [36.82394, -1.23867, 1701],
          [36.82393, -1.23867, 1701],
          [36.82388, -1.23866, 1702],
          [36.82386, -1.23866, 1702],
          [36.82385, -1.23866, 1702],
          [36.8238, -1.23864, 1702],
          [36.82379, -1.23864, 1702],
          [36.82378, -1.23864, 1703],
          [36.82374, -1.23863, 1703],
          [36.82368, -1.23863, 1703],
          [36.82364, -1.23863, 1703],
          [36.82361, -1.23862, 1703],
          [36.82354, -1.23862, 1703],
          [36.82353, -1.23862, 1703],
          [36.82349, -1.23863, 1702],
          [36.82347, -1.23863, 1702],
          [36.82345, -1.23863, 1702],
          [36.82342, -1.23864, 1702],
          [36.82339, -1.23864, 1702],
          [36.82336, -1.23863, 1702],
          [36.82332, -1.23863, 1701],
          [36.8233, -1.23862, 1701],
          [36.8232, -1.23862, 1700],
          [36.82319, -1.23862, 1700],
          [36.82316, -1.23861, 1700],
          [36.82312, -1.23861, 1699],
          [36.8231, -1.2386, 1699],
          [36.82309, -1.2386, 1699],
          [36.82307, -1.2386, 1699],
          [36.82303, -1.2386, 1698],
          [36.82301, -1.23859, 1698],
          [36.823, -1.23859, 1698],
          [36.8229, -1.23859, 1696],
          [36.82285, -1.23858, 1695],
          [36.82283, -1.23858, 1695],
          [36.82281, -1.23858, 1694],
          [36.82278, -1.23858, 1694],
          [36.82276, -1.23858, 1693],
          [36.82273, -1.23857, 1693],
          [36.82264, -1.23857, 1692],
          [36.82259, -1.23857, 1691],
          [36.82257, -1.23857, 1691],
          [36.82254, -1.23856, 1690],
          [36.82252, -1.23856, 1690],
          [36.8225, -1.23856, 1690],
          [36.82246, -1.23855, 1690],
          [36.82239, -1.23855, 1690],
          [36.82238, -1.23855, 1690],
          [36.82235, -1.23855, 1690],
          [36.82232, -1.23855, 1690],
          [36.82231, -1.23855, 1690],
          [36.82226, -1.23855, 1690],
          [36.82224, -1.23854, 1690],
          [36.8222, -1.23854, 1690],
          [36.82216, -1.23854, 1691],
          [36.82213, -1.23854, 1691],
          [36.82212, -1.23854, 1691],
          [36.82211, -1.23853, 1691],
          [36.82208, -1.23853, 1691],
          [36.82205, -1.23853, 1691],
          [36.82202, -1.23853, 1691],
          [36.82199, -1.23852, 1691],
          [36.82196, -1.23852, 1691],
          [36.82193, -1.23853, 1691],
          [36.8219, -1.23853, 1691],
          [36.82188, -1.23853, 1691],
          [36.82182, -1.23852, 1691],
          [36.82177, -1.23852, 1691],
          [36.82176, -1.23852, 1691],
          [36.82173, -1.23852, 1691],
          [36.82171, -1.23852, 1691],
          [36.8217, -1.23852, 1691],
          [36.82167, -1.23852, 1691],
          [36.82166, -1.23852, 1690],
          [36.82164, -1.23852, 1690],
          [36.82162, -1.23853, 1690],
          [36.8216, -1.23853, 1690],
          [36.82157, -1.23853, 1690],
          [36.82152, -1.23852, 1690],
          [36.82151, -1.23852, 1690],
          [36.82145, -1.23852, 1690],
          [36.82144, -1.23852, 1690],
          [36.82142, -1.23852, 1690],
          [36.82138, -1.23852, 1690],
          [36.82137, -1.23852, 1690],
          [36.82132, -1.2385, 1690],
          [36.82129, -1.23849, 1690],
          [36.82128, -1.23849, 1690],
          [36.82126, -1.23849, 1690],
          [36.82122, -1.23848, 1691],
          [36.82121, -1.23848, 1691],
          [36.8212, -1.23847, 1691],
          [36.82119, -1.23847, 1691],
          [36.82116, -1.23846, 1691],
          [36.82114, -1.23846, 1691],
          [36.82113, -1.23846, 1691],
          [36.82108, -1.23844, 1692],
          [36.82106, -1.23844, 1692],
          [36.82105, -1.23844, 1692],
          [36.82101, -1.23844, 1692],
          [36.82099, -1.23844, 1692],
          [36.82097, -1.23843, 1693],
          [36.82095, -1.23843, 1693],
          [36.82089, -1.23841, 1693],
          [36.82083, -1.2384, 1694],
          [36.82082, -1.2384, 1694],
          [36.82077, -1.23838, 1695],
          [36.82074, -1.23837, 1696],
          [36.82073, -1.23837, 1696],
          [36.82071, -1.23837, 1696],
          [36.82068, -1.23837, 1697],
          [36.82067, -1.23837, 1697],
          [36.82064, -1.23837, 1698],
          [36.82059, -1.23836, 1699],
          [36.82057, -1.23836, 1699],
          [36.82052, -1.23835, 1700],
          [36.82051, -1.23835, 1700],
          [36.82045, -1.23833, 1700],
          [36.82039, -1.23832, 1701],
          [36.82036, -1.23831, 1701],
          [36.82035, -1.23831, 1701],
          [36.82033, -1.2383, 1701],
          [36.82029, -1.23829, 1702],
          [36.82027, -1.23829, 1702],
          [36.82023, -1.23829, 1701],
          [36.82021, -1.23829, 1701],
          [36.8202, -1.23829, 1701],
          [36.82014, -1.2383, 1700],
          [36.82013, -1.2383, 1700],
          [36.82008, -1.2383, 1700],
          [36.82006, -1.2383, 1699],
          [36.82005, -1.23831, 1699],
          [36.82004, -1.23831, 1699],
          [36.82002, -1.23831, 1699],
          [36.81999, -1.23832, 1699],
          [36.81996, -1.23832, 1698],
          [36.8199, -1.23833, 1697],
          [36.81989, -1.23833, 1697],
          [36.81988, -1.23833, 1697],
          [36.81983, -1.23833, 1697],
          [36.81982, -1.23833, 1697],
          [36.8198, -1.23833, 1696],
          [36.81977, -1.23834, 1696],
          [36.81974, -1.23834, 1696],
          [36.81971, -1.23834, 1696],
          [36.81966, -1.23835, 1696],
          [36.81965, -1.23835, 1696],
          [36.81958, -1.23836, 1696],
          [36.81953, -1.23838, 1696],
          [36.81941, -1.23842, 1696],
          [36.81939, -1.23843, 1696],
          [36.81938, -1.23845, 1696],
          [36.81937, -1.23848, 1696],
          [36.81936, -1.23851, 1696],
          [36.81936, -1.23855, 1696],
          [36.81937, -1.23858, 1696],
          [36.81937, -1.2386, 1696],
          [36.81938, -1.23861, 1696],
          [36.8194, -1.23867, 1695],
          [36.81944, -1.23874, 1694],
          [36.81946, -1.2388, 1694],
          [36.81946, -1.23881, 1693],
          [36.81949, -1.23889, 1693],
          [36.8195, -1.2389, 1693],
          [36.81951, -1.23892, 1693],
          [36.81952, -1.23896, 1693],
          [36.81953, -1.239, 1693],
          [36.81954, -1.23905, 1692],
          [36.81955, -1.23907, 1692],
          [36.81955, -1.23909, 1692],
          [36.81956, -1.23914, 1692],
          [36.81956, -1.23919, 1691],
          [36.81956, -1.23921, 1691],
          [36.81956, -1.23923, 1691],
          [36.81955, -1.23925, 1691],
          [36.81956, -1.23927, 1691],
          [36.81955, -1.23928, 1691],
          [36.81955, -1.23932, 1690],
          [36.81954, -1.23934, 1690],
          [36.81954, -1.23936, 1690],
          [36.81954, -1.23939, 1690],
          [36.81954, -1.23942, 1690],
          [36.81953, -1.23945, 1689],
          [36.81953, -1.23948, 1689],
          [36.81951, -1.23957, 1689],
          [36.81951, -1.23961, 1689],
          [36.8195, -1.23964, 1689],
          [36.8195, -1.23969, 1689],
          [36.81949, -1.23971, 1689],
          [36.81949, -1.23975, 1689],
          [36.81948, -1.23978, 1689],
          [36.81948, -1.23981, 1689],
          [36.81947, -1.23985, 1689],
          [36.81947, -1.23987, 1689],
          [36.81946, -1.2399, 1689],
          [36.81946, -1.23993, 1689],
          [36.81944, -1.24, 1689],
          [36.81943, -1.24004, 1689],
          [36.81943, -1.24007, 1689],
          [36.81942, -1.2401, 1688],
          [36.81942, -1.24012, 1688],
          [36.81941, -1.24013, 1688],
          [36.81941, -1.24016, 1688],
          [36.8194, -1.2402, 1688],
          [36.8194, -1.24022, 1688],
          [36.81939, -1.24024, 1687],
          [36.81939, -1.24027, 1687],
          [36.81939, -1.24028, 1687],
          [36.81938, -1.2403, 1687],
          [36.81938, -1.24031, 1687],
          [36.81937, -1.24032, 1687],
          [36.81937, -1.24033, 1687],
          [36.81937, -1.24034, 1687],
          [36.81936, -1.24035, 1687],
          [36.81935, -1.24038, 1687],
          [36.81933, -1.24044, 1687],
          [36.81931, -1.2405, 1687],
          [36.81929, -1.24055, 1687],
          [36.81927, -1.24059, 1687],
          [36.81926, -1.24064, 1687],
          [36.81923, -1.24065, 1687],
          [36.81922, -1.24069, 1688],
          [36.8192, -1.24069, 1688],
          [36.81919, -1.24072, 1688],
          [36.8192, -1.2407, 1688]
        ]
      }
    },
    {
      "type": "Feature",
      "id": "alltrails-wangari-maathai-track-maumau-caves-karura-river",
      "properties": {
        "slug": "alltrails-wangari-maathai-track-maumau-caves-karura-river",
        "name": "Wangari Maathai Track - Mau-Mau Caves - Karura River",
        "source": "alltrails",
        "geometrySource": "alltrails",
        "vertexCount": 148,
        "alltrails": {
          "desc": "Generated by AllTrails https://www.alltrails.com/",
          "sourceFile": "Wangari_Maathai_Track__MauMau_Caves__Karura_River.geojson"
        }
      },
      "geometry": {
        "type": "LineString",
        "coordinates": [
          [36.84395, -1.23982, 1669],
          [36.84391, -1.23982, 1669],
          [36.84391, -1.23985, 1669],
          [36.83972, -1.2381, 1662],
          [36.8394, -1.23796, 1664],
          [36.83925, -1.2379, 1665],
          [36.83682, -1.23681, 1673],
          [36.83376, -1.23545, 1678],
          [36.8334, -1.23527, 1675],
          [36.83333, -1.23542, 1675],
          [36.83326, -1.23552, 1675],
          [36.83324, -1.23566, 1676],
          [36.8331, -1.23596, 1676],
          [36.83305, -1.236, 1676],
          [36.83259, -1.23609, 1673],
          [36.83246, -1.23615, 1672],
          [36.83172, -1.23619, 1665],
          [36.83134, -1.2362, 1664],
          [36.83114, -1.23622, 1663],
          [36.83087, -1.23623, 1661],
          [36.83072, -1.23619, 1662],
          [36.83064, -1.23624, 1661],
          [36.83059, -1.23626, 1661],
          [36.83059, -1.2363, 1660],
          [36.83061, -1.23634, 1659],
          [36.8307, -1.23643, 1657],
          [36.83074, -1.23655, 1656],
          [36.83071, -1.23663, 1656],
          [36.8307, -1.23665, 1656],
          [36.83064, -1.23672, 1658],
          [36.83047, -1.23683, 1661],
          [36.82954, -1.23665, 1662],
          [36.82939, -1.23658, 1662],
          [36.82899, -1.23647, 1664],
          [36.82891, -1.23642, 1664],
          [36.82875, -1.23629, 1664],
          [36.82868, -1.23612, 1664],
          [36.82854, -1.23593, 1663],
          [36.8284, -1.23583, 1665],
          [36.82797, -1.2356, 1664],
          [36.82784, -1.23549, 1664],
          [36.82781, -1.23536, 1664],
          [36.82784, -1.23529, 1663],
          [36.82787, -1.23529, 1663],
          [36.82785, -1.23524, 1663],
          [36.8278, -1.23523, 1663],
          [36.82703, -1.2347, 1665],
          [36.82699, -1.23464, 1665],
          [36.82677, -1.23438, 1666],
          [36.8266, -1.23423, 1669],
          [36.82652, -1.23429, 1669],
          [36.82649, -1.23433, 1669],
          [36.82636, -1.23439, 1669],
          [36.82634, -1.23445, 1669],
          [36.82631, -1.23453, 1669],
          [36.82629, -1.23464, 1668],
          [36.82636, -1.23472, 1666],
          [36.82653, -1.23484, 1668],
          [36.82683, -1.23501, 1671],
          [36.82693, -1.23507, 1671],
          [36.82713, -1.23526, 1672],
          [36.82737, -1.23546, 1672],
          [36.82758, -1.23567, 1673],
          [36.82775, -1.2358, 1672],
          [36.828, -1.23595, 1673],
          [36.82827, -1.23618, 1673],
          [36.82853, -1.23642, 1669],
          [36.82864, -1.23655, 1669],
          [36.82867, -1.23667, 1670],
          [36.82885, -1.2368, 1670],
          [36.82909, -1.23696, 1672],
          [36.82926, -1.23704, 1672],
          [36.82939, -1.23709, 1671],
          [36.82957, -1.23713, 1670],
          [36.82966, -1.23714, 1669],
          [36.82982, -1.23713, 1668],
          [36.8301, -1.23717, 1668],
          [36.83062, -1.23731, 1671],
          [36.83134, -1.23741, 1669],
          [36.83147, -1.23747, 1669],
          [36.83184, -1.23759, 1667],
          [36.83228, -1.23776, 1663],
          [36.83257, -1.23789, 1663],
          [36.83268, -1.23791, 1662],
          [36.83303, -1.23809, 1663],
          [36.83341, -1.23822, 1664],
          [36.83351, -1.23821, 1663],
          [36.83384, -1.23826, 1660],
          [36.8343, -1.23824, 1658],
          [36.83455, -1.2383, 1660],
          [36.83487, -1.23834, 1660],
          [36.83512, -1.23836, 1657],
          [36.83529, -1.2384, 1655],
          [36.8356, -1.23852, 1656],
          [36.83579, -1.23862, 1656],
          [36.83612, -1.23876, 1655],
          [36.83649, -1.23899, 1659],
          [36.83666, -1.23912, 1660],
          [36.8367, -1.23917, 1660],
          [36.83711, -1.23957, 1661],
          [36.83756, -1.23993, 1657],
          [36.83761, -1.23998, 1656],
          [36.83779, -1.2401, 1654],
          [36.83793, -1.24012, 1653],
          [36.83797, -1.24012, 1652],
          [36.83804, -1.24012, 1652],
          [36.83832, -1.24007, 1653],
          [36.83852, -1.23999, 1655],
          [36.83881, -1.23995, 1658],
          [36.8391, -1.23996, 1658],
          [36.83942, -1.23999, 1656],
          [36.8398, -1.24019, 1654],
          [36.83996, -1.24028, 1654],
          [36.84007, -1.24037, 1654],
          [36.84016, -1.24042, 1654],
          [36.84024, -1.24049, 1655],
          [36.84056, -1.24066, 1654],
          [36.84076, -1.24074, 1652],
          [36.8409, -1.24076, 1650],
          [36.84107, -1.24082, 1647],
          [36.84128, -1.24097, 1646],
          [36.84147, -1.24124, 1646],
          [36.84177, -1.24121, 1644],
          [36.84202, -1.24126, 1643],
          [36.84237, -1.24151, 1648],
          [36.84247, -1.24166, 1649],
          [36.84265, -1.24206, 1647],
          [36.84284, -1.24246, 1649],
          [36.84297, -1.24264, 1650],
          [36.84307, -1.24274, 1652],
          [36.84314, -1.24286, 1652],
          [36.84336, -1.24296, 1654],
          [36.84366, -1.24298, 1657],
          [36.84385, -1.24291, 1659],
          [36.8439, -1.24272, 1660],
          [36.84403, -1.24263, 1660],
          [36.84414, -1.24254, 1661],
          [36.84418, -1.2423, 1663],
          [36.84408, -1.24138, 1668],
          [36.844, -1.24074, 1668],
          [36.84398, -1.24052, 1668],
          [36.84394, -1.24024, 1669],
          [36.84392, -1.24007, 1669],
          [36.84393, -1.23999, 1669],
          [36.84396, -1.23992, 1669],
          [36.84391, -1.23985, 1669],
          [36.84391, -1.23982, 1669],
          [36.84395, -1.23982, 1669]
        ]
      }
    }
  ]
}
